country,year,GDP,ITM,POP,PerCapitaGDP,PerCapitaITM
AUS,1980,347420465.0,6271000.0,14710.0,23617.978585995923,426.3086335825969
AUS,1981,358188872.0,6683000.0,14902.0,24036.29526238089,448.46329351764865
AUS,1982,368749588.0,5850000.0,15110.0,24404.34070152217,387.1608206485771
AUS,1983,360991765.0,4811000.0,15333.0,23543.45300984804,313.7676906019696
AUS,1984,379601300.0,6054000.0,15568.0,24383.433967112025,388.87461459403903
AUS,1985,399582173.0,5740000.0,15812.0,25270.817923096383,363.0154313179863
AUS,1986,417731196.0,5925000.0,16066.0,26000.94584837545,368.79123615087764
AUS,1987,429187886.0,5441000.0,16330.0,26282.17305572566,333.1904470300061
AUS,1988,453331010.0,6419000.0,16596.0,27315.679079296217,386.77994697517477
AUS,1989,470383417.0,6831000.0,16854.0,27909.30443811558,405.3043787824849
AUS,1990,515317626.0,5511000.0,17042.0,30238.095646050933,323.37753784767045
AUS,1991,513320531.0,5294000.0,17272.0,29719.80841824919,306.5076424270496
AUS,1992,515592569.0,5120000.0,17486.0,29486.021331350796,292.8056731099165
AUS,1993,536417759.0,5757000.0,17688.0,30326.648518769787,325.47489823609226
AUS,1994,557759322.0,6326000.0,17883.0,31189.359838953194,353.7437790079964
AUS,1995,579117983.0,6256000.0,18077.0,32036.177629031365,346.07512308458263
AUS,1996,601579834.0,6400000.0,18272.0,32923.589864273206,350.2626970227671
AUS,1997,625441020.0,6500000.0,18468.0,33866.202079272254,351.9601472817847
AUS,1998,654065825.0,6600000.0,18665.0,35042.36940798286,353.60300026788104
AUS,1999,686887267.0,6600000.0,18864.0,36412.59897158609,349.8727735368957
AUS,2000,713972531.0,6100000.0,19066.0,37447.42111612294,319.94125668729674
AUS,2001,727774374.0,6000000.0,19269.0,37769.18231356064,311.3809746224506
AUS,2002,756907345.0,6800000.0,19475.0,38865.588960205394,349.1655969191271
AUS,2003,779506667.0,7000000.0,19697.0,39574.89297862619,355.3840686398944
AUS,2004,810695552.0,7500000.0,19949.0,40638.40553411198,375.9586946714121
AUS,2005,836559304.0,7400000.0,20239.0,41334.02361776768,365.6307129798903
AUS,2006,860269340.0,7420000.0,20573.0,41815.45423613474,360.6668935011909
AUS,2007,892764544.0,8126000.0,20947.0,42620.162505370696,387.93144603045783
AUS,2008,925419788.0,8224000.0,21343.0,43359.40533195896,385.325399428384
AUS,2009,943213087.0,5916000.0,21739.0,43388.062330373985,272.13763282579697
AUS,2010,962576705.0,7716000.0,22120.0,43516.12590415913,348.8245931283906
AUS,2011,986170471.0,6672000.0,22480.0,43868.79319395018,296.79715302491104
AUS,2012,1024551635.0,7152000.0,22822.0,44893.15726053808,313.38182455525373
AUS,2013,1051594494.0,6376000.0,23151.0,45423.28599196579,275.40926957798797
AUS,2014,1078497831.0,7142000.0,23474.0,45944.35677771151,304.25151231149357
AUS,2015,1103854786.0,6968000.0,23800.0,46380.45319327731,292.7731092436975
AUS,2016,1135064189.0,6478000.0,24125.0,47049.292808290156,268.5181347150259
AUS,2017,1157283926.0,,24451.0,47330.740092429754,
AUS,2018,1201142573.0,,24772.0,48487.91268367512,
AUS,2019,1245039044.0,,25089.0,49624.89712623062,
AUS,2020,1289224526.0,,25398.0,50760.86802110403,
AUS,2021,1333639686.0,,25700.0,51892.594785992216,
AUS,2022,1378646228.0,,25996.0,53033.013848284354,
AUS,2023,1424442629.0,,26287.0,54188.10168524366,
AUS,2024,1471205820.0,,26573.0,55364.68671207617,
AUS,2025,1519006309.0,,26857.0,56559.0463938638,
AUS,2026,1566859653.0,,27139.0,57734.61266074653,
AUS,2027,1615958599.0,,27418.0,58937.872893719454,
AUS,2028,1666222278.0,,27693.0,60167.63362582602,
AUS,2029,1717419964.0,,27966.0,61410.99778302224,
AUS,2030,1769393796.0,,28234.0,62668.90259970249,
AUS,2031,1821332122.0,,28500.0,63906.390245614035,
AUS,2032,1874054169.0,,28760.0,65161.8278511822,
AUS,2033,1927569372.0,,29018.0,66426.67902681095,
AUS,2034,1981931991.0,,29273.0,67705.12045229392,
AUS,2035,2037127705.0,,29527.0,68992.03119179056,
AUS,2036,2091895589.0,,29777.0,70252.0599455956,
AUS,2037,2147448007.0,,30026.0,71519.61656564311,
AUS,2038,2203751837.0,,30273.0,72795.95140884617,
AUS,2039,2260727484.0,,30520.0,74073.63971166448,
AUS,2040,2318290528.0,,30764.0,75357.2528929918,
AUS,2041,2375138639.0,,31009.0,76595.13815343933,
AUS,2042,2432794114.0,,31253.0,77841.9388218731,
AUS,2043,2491262884.0,,31496.0,79097.75476250953,
AUS,2044,2550592656.0,,31739.0,80361.46872932355,
AUS,2045,2610851825.0,,31982.0,81635.03924082297,
AUS,2046,2670775153.0,,32225.0,82878.98069821567,
AUS,2047,2731887132.0,,32468.0,84140.91203646667,
AUS,2048,2794170024.0,,32710.0,85422.50149801285,
AUS,2049,2857579294.0,,32950.0,86724.71301972686,
AUS,2050,2922072575.0,,33187.0,88048.71109169253,
BD,1980,17855416.0,,189.0,94473.10052910053,
BD,1981,14325028.0,,195.0,73461.68205128206,
BD,1982,14898711.0,,201.0,74122.94029850746,
BD,1983,14977505.0,,207.0,72355.0966183575,
BD,1984,15069294.0,,213.0,70747.85915492958,
BD,1985,14844799.0,,219.0,67784.4703196347,
BD,1986,14440412.0,,225.0,64179.60888888889,
BD,1987,14728067.0,,232.0,63483.0474137931,
BD,1988,14886686.0,,238.0,62549.100840336134,
BD,1989,14723781.0,,245.0,60097.06530612245,
BD,1990,23088497.0,,258.0,89490.2984496124,
BD,1991,23814848.0,,266.0,89529.5037593985,
BD,1992,24948096.0,,274.0,91051.44525547445,
BD,1993,25024081.0,,281.0,89053.66903914591,
BD,1994,25811188.0,,290.0,89004.09655172414,
BD,1995,26967196.0,,297.0,90798.63973063973,
BD,1996,27743397.0,,304.0,91261.17434210527,
BD,1997,27335244.0,,312.0,87612.96153846153,
BD,1998,27182575.0,,319.0,85211.83385579937,
BD,1999,28012230.0,,326.0,85927.08588957055,
BD,2000,28810416.0,,333.0,86517.76576576577,
BD,2001,29600986.0,,340.0,87061.72352941177,
BD,2002,30747165.0,,347.0,88608.5446685879,
BD,2003,31640049.0,,353.0,89631.86685552407,
BD,2004,31799615.0,,360.0,88332.26388888889,
BD,2005,31922841.0,,365.0,87459.83835616439,
BD,2006,33326718.0,,371.0,89829.42857142857,
BD,2007,33378235.0,,374.0,89246.61764705883,
BD,2008,32730792.0,,379.0,86360.92875989446,
BD,2009,32153246.0,,384.0,83732.41145833333,
BD,2010,32988898.0,,389.0,84804.36503856041,
BD,2011,34224437.0,,394.0,86864.05329949239,
BD,2012,34536852.0,,399.0,86558.52631578948,
BD,2013,33802589.0,,405.0,83463.18271604938,
BD,2014,33008313.0,,411.0,80312.19708029197,
BD,2015,32821218.0,,417.0,78707.95683453238,
BD,2016,32012006.0,,423.0,75678.5011820331,
BD,2017,32437366.0,,429.0,75611.57575757576,
BD,2018,33069907.0,,434.0,76197.94239631336,
BD,2019,33676517.0,,439.0,76711.88382687928,
BD,2020,34259481.0,,445.0,76987.59775280899,
BD,2021,34761332.0,,450.0,77247.40444444444,
BD,2022,35259303.0,,455.0,77492.97362637363,
BD,2023,35744984.0,,459.0,77875.78213507625,
BD,2024,36216047.0,,464.0,78051.82543103448,
BD,2025,36670805.0,,469.0,78189.34968017058,
BD,2026,37067939.0,,473.0,78367.7357293869,
BD,2027,37462768.0,,478.0,78373.99163179916,
BD,2028,37858011.0,,482.0,78543.59128630706,
BD,2029,38255907.0,,486.0,78715.85802469136,
BD,2030,38654200.0,,490.0,78886.12244897959,
BD,2031,38979888.0,,494.0,78906.65587044535,
BD,2032,39317569.0,,497.0,79109.7967806841,
BD,2033,39663549.0,,500.0,79327.098,
BD,2034,40018318.0,,504.0,79401.4246031746,
BD,2035,40377630.0,,507.0,79640.29585798817,
BD,2036,40672792.0,,509.0,79907.25343811396,
BD,2037,40982660.0,,513.0,79888.2261208577,
BD,2038,41303882.0,,515.0,80201.71262135923,
BD,2039,41631876.0,,518.0,80370.41698841698,
BD,2040,41964992.0,,520.0,80701.9076923077,
BD,2041,42231768.0,,522.0,80903.77011494253,
BD,2042,42511378.0,,524.0,81128.58396946565,
BD,2043,42800472.0,,526.0,81369.71863117871,
BD,2044,43100190.0,,528.0,81629.14772727272,
BD,2045,43407732.0,,530.0,81901.38113207548,
BD,2046,43644785.0,,532.0,82039.06954887218,
BD,2047,43894956.0,,533.0,82354.51407129456,
BD,2048,44156602.0,,535.0,82535.70467289719,
BD,2049,44432251.0,,535.0,83050.93644859814,
BD,2050,44714493.0,,537.0,83267.2122905028,
CDA,1980,675111424.0,13306000.0,24516.0,27537.58459781367,542.7475934083864
CDA,1981,697284324.0,14118000.0,24770.0,28150.35623738393,569.963665724667
CDA,1982,675883914.0,9418000.0,25016.0,27018.064998401023,376.47905340582025
CDA,1983,694219534.0,10771000.0,25267.0,27475.344678830093,426.2872521470693
CDA,1984,735383384.0,13089000.0,25539.0,28794.525392536903,512.5102783977446
CDA,1985,772485749.0,13185000.0,25843.0,29891.48895252099,510.1961846534845
CDA,1986,793596223.0,12539000.0,26183.0,30309.598709086047,478.8985219417179
CDA,1987,828151423.0,13395000.0,26555.0,31186.27087177556,504.42477876106193
CDA,1988,870763088.0,15244000.0,26943.0,32318.713135137143,565.7870318821215
CDA,1989,890380142.0,13985000.0,27330.0,32578.856275155507,511.70874496889866
CDA,1990,916554841.0,11222000.0,27692.0,33098.18146034956,405.24339159323995
CDA,1991,897071706.0,10688000.0,28045.0,31986.867748261724,381.10180067748263
CDA,1992,904992634.0,11160000.0,28385.0,31882.77731196054,393.1654042628149
CDA,1993,929022323.0,12714000.0,28711.0,32357.713872731707,442.82679112535266
CDA,1994,970767705.0,15324000.0,29027.0,33443.61129293416,527.9222792572433
CDA,1995,996762034.0,15047000.0,29330.0,33984.3857483805,513.0242072962836
CDA,1996,1012820349.0,15300000.0,29622.0,34191.491087705086,516.5080008102086
CDA,1997,1056167160.0,17700000.0,29903.0,35319.77259806708,591.9138547971776
CDA,1998,1097165026.0,18200000.0,30178.0,36356.452581350655,603.0883425011598
CDA,1999,1153813970.0,18200000.0,30454.0,37887.10744073028,597.6226439876535
CDA,2000,1213612575.0,19800000.0,30736.0,39485.05254424779,644.1957313899011
CDA,2001,1235103458.0,16900000.0,31025.0,39809.94224012893,544.7219983883964
CDA,2002,1272280273.0,17671000.0,31321.0,40620.67855432457,564.1901599565787
CDA,2003,1295210241.0,17233000.0,31628.0,40951.379821676994,544.8653092196788
CDA,2004,1335179927.0,19314000.0,31950.0,41789.669076682316,604.5070422535211
CDA,2005,1377924138.0,18014000.0,32288.0,42676.04490832507,557.9162537165511
CDA,2006,1414072774.0,20130000.0,32646.0,43315.34564724622,616.6145929057159
CDA,2007,1443241528.0,18248000.0,33020.0,43708.10199878861,552.6347668079951
CDA,2008,1457679153.0,16799000.0,33405.0,43636.55599461158,502.88878910342765
CDA,2009,1414683628.0,10591000.0,33790.0,41866.93187333531,313.4359277892868
CDA,2010,1458305599.0,15656000.0,34168.0,42680.4495141653,458.20650901428235
CDA,2011,1504114172.0,15746000.0,34539.0,43548.283737224585,455.8904426879759
CDA,2012,1530368068.0,17305000.0,34901.0,43848.831494799575,495.83106501246385
CDA,2013,1568244706.0,16445000.0,35256.0,44481.64017472203,466.4454277286136
CDA,2014,1613029685.0,17527000.0,35605.0,45303.45976688667,492.2623227074849
CDA,2015,1629174217.0,14827000.0,35949.0,45319.04133633759,412.4454087735403
CDA,2016,1652212414.0,16717000.0,36290.0,45528.035657205844,460.6503168917057
CDA,2017,1702561120.0,,36624.0,46487.57972913936,
CDA,2018,1736225571.0,,36954.0,46983.42726091898,
CDA,2019,1771168763.0,,37280.0,47509.89171137339,
CDA,2020,1807362860.0,,37604.0,48063.04807999149,
CDA,2021,1844712460.0,,37924.0,48642.349435713535,
CDA,2022,1883170718.0,,38242.0,49243.52068406464,
CDA,2023,1922752078.0,,38556.0,49869.0755783795,
CDA,2024,1963133817.0,,38868.0,50507.71372337141,
CDA,2025,2004109568.0,,39173.0,51160.48216884078,
CDA,2026,2045710589.0,,39473.0,51825.56656448712,
CDA,2027,2087986905.0,,39769.0,52502.87673816289,
CDA,2028,2130945077.0,,40059.0,53195.16405801443,
CDA,2029,2174536544.0,,40342.0,53902.546824649246,
CDA,2030,2218710070.0,,40618.0,54623.81382638239,
CDA,2031,2263425517.0,,40886.0,55359.4266252507,
CDA,2032,2308694906.0,,41147.0,56108.46248815223,
CDA,2033,2354538825.0,,41401.0,56871.54476945001,
CDA,2034,2400973842.0,,41647.0,57650.58328330972,
CDA,2035,2448001199.0,,41888.0,58441.58706550802,
CDA,2036,2495626479.0,,42123.0,59246.17142653657,
CDA,2037,2543873074.0,,42351.0,60066.422847158276,
CDA,2038,2592766017.0,,42574.0,60900.221191337434,
CDA,2039,2642312764.0,,42792.0,61747.82118152926,
CDA,2040,2692521059.0,,43005.0,62609.488640855714,
CDA,2041,2743424646.0,,43213.0,63486.09552680906,
CDA,2042,2795096455.0,,43417.0,64377.9269640924,
CDA,2043,2847594538.0,,43619.0,65283.352163048214,
CDA,2044,2900951807.0,,43816.0,66207.59099415739,
CDA,2045,2955183143.0,,44011.0,67146.46663334167,
CDA,2046,3010304987.0,,44204.0,68100.2847479866,
CDA,2047,3066353016.0,,44395.0,69069.78299358036,
CDA,2048,3123340480.0,,44583.0,70056.7588542718,
CDA,2049,3181260928.0,,44768.0,71061.0464617584,
CDA,2050,3240094122.0,,44949.0,72083.78655809918,
CHL,1980,75244937.0,809000.0,11179.0,6730.9184184631895,72.36783254316128
CHL,1981,78802560.0,724000.0,11348.0,6944.180472329926,63.79978850898837
CHL,1982,70661595.0,334000.0,11527.0,6130.094126832654,28.97544894595298
CHL,1983,67980359.0,462000.0,11714.0,5803.342922998122,39.43998634113027
CHL,1984,73394748.0,628000.0,11908.0,6163.482364796775,52.737655357742696
CHL,1985,78613636.0,570000.0,12107.0,6493.23829189725,47.08020153630131
CHL,1986,83006566.0,632000.0,12311.0,6742.47144829827,51.336203395337506
CHL,1987,88473325.0,818000.0,12519.0,7067.123971563224,65.34068216311206
CHL,1988,94934831.0,1026000.0,12733.0,7455.810178276918,80.57802560276447
CHL,1989,104953436.0,1008000.0,12956.0,8100.759184933621,77.80179067613462
CHL,1990,125464694.0,930000.0,13242.0,9474.754115692494,70.23108291798822
CHL,1991,135256451.0,1131000.0,13457.0,10051.01070075054,84.0454781897897
CHL,1992,150360144.0,1440000.0,13671.0,10998.474434935264,105.33245556287031
CHL,1993,160267049.0,1607000.0,13883.0,11544.122235827992,115.75307930562559
CHL,1994,168328798.0,1549000.0,14091.0,11945.83762685402,109.92832304307714
CHL,1995,183366108.0,1683000.0,14297.0,12825.49541861929,117.71700356718192
CHL,1996,195840351.0,2159000.0,14498.0,13508.09428886743,148.9170920126914
CHL,1997,210387157.0,2321000.0,14695.0,14316.921197686288,157.94487921061585
CHL,1998,219485517.0,2214000.0,14887.0,14743.43501041177,148.72036004567744
CHL,1999,218581025.0,1737000.0,15077.0,14497.647078331232,115.20859587451085
CHL,2000,230224702.0,1977000.0,15263.0,15083.84341217323,129.52892616130512
CHL,2001,237829133.0,2278000.0,15445.0,15398.45471026222,147.49109744253803
CHL,2002,245218414.0,2270000.0,15623.0,15695.98758241055,145.29859822057225
CHL,2003,255250416.0,2290000.0,15800.0,16155.089620253164,144.9367088607595
CHL,2004,273652796.0,2690000.0,15974.0,17131.137849004634,168.39864780267936
CHL,2005,289368212.0,2840000.0,16147.0,17920.86530005574,175.8840651514213
CHL,2006,307648113.0,2770000.0,16319.0,18852.142471965195,169.74079294074392
CHL,2007,322739251.0,2765000.0,16491.0,19570.629494875993,167.66721241889516
CHL,2008,334130431.0,3005000.0,16661.0,20054.644439109295,180.36132284976892
CHL,2009,328903831.0,1960000.0,16829.0,19543.87254144631,116.46562481430864
CHL,2010,348125554.0,2738000.0,16993.0,20486.40934502442,161.12516918731242
CHL,2011,369399224.0,3148000.0,17153.0,21535.546201830584,183.52474785751764
CHL,2012,389046195.0,3457000.0,17310.0,22475.227902946273,199.7111496244945
CHL,2013,404783130.0,3105000.0,17463.0,23179.47259920976,177.80450094485482
CHL,2014,411934595.0,3031000.0,17614.0,23386.771602134664,172.0790280458726
CHL,2015,421430747.0,3215000.0,17763.0,23725.201092157855,180.99420142993864
CHL,2016,426765502.0,3172000.0,17910.0,23828.33623673925,177.107761027359
CHL,2017,433123907.0,,18055.0,23989.13913043478,
CHL,2018,457489275.0,,18197.0,25140.917458921802,
CHL,2019,482243933.0,,18336.0,26300.389016143108,
CHL,2020,507191164.0,,18472.0,27457.295582503248,
CHL,2021,532183278.0,,18605.0,28604.314861596344,
CHL,2022,557093007.0,,18734.0,29737.00261556528,
CHL,2023,581818869.0,,18859.0,30850.99257648868,
CHL,2024,606298880.0,,18980.0,31944.09272918862,
CHL,2025,630504357.0,,19099.0,33012.42771872873,
CHL,2026,654435101.0,,19214.0,34060.32585614656,
CHL,2027,678110766.0,,19327.0,35086.188544523204,
CHL,2028,701559226.0,,19435.0,36097.721944944686,
CHL,2029,724816239.0,,19538.0,37097.7704473334,
CHL,2030,747923989.0,,19638.0,38085.54786638151,
CHL,2031,770928879.0,,19731.0,39071.96183670367,
CHL,2032,793879791.0,,19820.0,40054.47986881938,
CHL,2033,816823611.0,,19903.0,41040.22564437522,
CHL,2034,839806564.0,,19983.0,42026.05034279137,
CHL,2035,862870340.0,,20059.0,43016.617976967944,
CHL,2036,886049881.0,,20131.0,44014.201033232326,
CHL,2037,909375170.0,,20199.0,45020.80152482796,
CHL,2038,932865121.0,,20263.0,46037.858214479595,
CHL,2039,956523450.0,,20322.0,47068.371715382345,
CHL,2040,980341788.0,,20378.0,48107.85101580135,
CHL,2041,1004308061.0,,20431.0,49156.08932504527,
CHL,2042,1028412733.0,,20479.0,50217.91752526979,
CHL,2043,1052638806.0,,20523.0,51290.68878818886,
CHL,2044,1076959404.0,,20562.0,52376.19900787861,
CHL,2045,1101337868.0,,20598.0,53468.194387804644,
CHL,2046,1125734717.0,,20630.0,54567.84861851672,
CHL,2047,1150114767.0,,20657.0,55676.75688628552,
CHL,2048,1174440897.0,,20682.0,56785.65404699739,
CHL,2049,1198676569.0,,20702.0,57901.48628151869,
CHL,2050,1222783525.0,,20718.0,59020.345834540014,
CT,1980,161122167.0,6294000.0,17866.0,9018.36824135229,352.2892645247957
CT,1981,171450361.0,5570000.0,18194.0,9423.456139386612,306.14488292843794
CT,1982,178250178.0,5080000.0,18516.0,9626.818859364874,274.35731259451285
CT,1983,192676295.0,5770000.0,18791.0,10253.647756904902,307.0618913309563
CT,1984,210789245.0,6090000.0,19069.0,11054.027216948974,319.3665110913
CT,1985,219083036.0,6320000.0,19314.0,11343.224396810603,327.22377549963755
CT,1986,242713233.0,7840000.0,19509.0,12441.090419806244,401.8658055256548
CT,1987,268880953.0,9401000.0,19725.0,13631.48050697085,476.6032953105196
CT,1988,283951552.0,11630000.0,19954.0,14230.307306805653,582.8405332264208
CT,1989,312728952.0,14100000.0,20157.0,15514.657538324156,699.508855484447
CT,1990,371750375.0,15350000.0,20311.0,18302.908522475507,755.7481167840086
CT,1991,399425851.0,18920000.0,20518.0,19467.09479481431,922.1171654157325
CT,1992,429483927.0,21300000.0,20717.0,20730.99034609258,1028.141140126466
CT,1993,455960019.0,25110000.0,20903.0,21813.137779266133,1201.2629766062287
CT,1994,488064703.0,22980000.0,21074.0,23159.56643257094,1090.443200151846
CT,1995,516012759.0,24090000.0,21229.0,24306.974374676152,1134.7684770832352
CT,1996,541876151.0,21610000.0,21364.0,25363.9838513387,1011.5146976221681
CT,1997,571729306.0,25240000.0,21484.0,26611.864922733195,1174.8277788121393
CT,1998,593032529.0,24220000.0,21596.0,27460.294915725135,1121.5039822189294
CT,1999,628666964.0,24470000.0,21711.0,28956.14960158445,1127.078439500714
CT,2000,662000043.0,25300000.0,21840.0,30311.35728021978,1158.4249084249084
CT,2001,650059607.0,20910000.0,21985.0,29568.324175574257,951.1030247896293
CT,2002,685988330.0,24470000.0,22143.0,30979.91825859188,1105.0896445829383
CT,2003,712263136.0,23830000.0,22307.0,31930.028062939884,1068.2745326579102
CT,2004,759246130.0,26460000.0,22462.0,33801.359184400324,1177.9894933665746
CT,2005,799043410.0,23890000.0,22603.0,35351.21045878866,1056.9393443348229
CT,2006,842725935.0,23790000.0,22726.0,37082.017732993045,1046.8186218428232
CT,2007,896011412.0,21700000.0,22833.0,39241.948583191,950.378837647265
CT,2008,886001896.0,20290000.0,22929.0,38641.10497623097,884.9055780888831
CT,2009,881882613.0,13530000.0,23017.0,38314.40296302733,587.8263891905982
CT,2010,971617961.0,21350000.0,23102.0,42057.74223010995,924.1624101809367
CT,2011,997904591.0,21715000.0,23185.0,43040.9571274531,936.596937675221
CT,2012,1016230750.0,21332000.0,23264.0,43682.54599381018,916.9532324621733
CT,2013,1040150331.0,22285000.0,23340.0,44565.13843187661,954.7986289631534
CT,2014,1083811934.0,23469000.0,23414.0,46289.05500982318,1002.3490219526778
CT,2015,1103089000.0,21032000.0,23486.0,46967.938346248826,895.5122200459848
CT,2016,1118806117.0,21932000.0,23557.0,47493.5737572696,931.0183809483381
CT,2017,1144778022.0,,23626.0,48454.161601625325,
CT,2018,1174226278.0,,23694.0,49557.95889254664,
CT,2019,1204332586.0,,23758.0,50691.66537587339,
CT,2020,1235324727.0,,23817.0,51867.35218541378,
CT,2021,1265025797.0,,23873.0,52989.81263351904,
CT,2022,1295170881.0,,23923.0,54139.14981398654,
CT,2023,1322525180.0,,23968.0,55178.78755006676,
CT,2024,1349552027.0,,24009.0,56210.25561247866,
CT,2025,1376402957.0,,24045.0,57242.79297151175,
CT,2026,1400846239.0,,24077.0,58181.926278190804,
CT,2027,1425027439.0,,24103.0,59122.40961706012,
CT,2028,1446775432.0,,24125.0,59969.96609326425,
CT,2029,1467079314.0,,24141.0,60771.273518081274,
CT,2030,1485206001.0,,24151.0,61496.66684609333,
CT,2031,1502267630.0,,24155.0,62192.82260401573,
CT,2032,1520444892.0,,24153.0,62950.56067569246,
CT,2033,1535637137.0,,24144.0,63603.26114148443,
CT,2034,1549083343.0,,24127.0,64205.385791851455,
CT,2035,1560158588.0,,24100.0,64736.8708713693,
CT,2036,1570966686.0,,24065.0,65280.14485767712,
CT,2037,1582813217.0,,24020.0,65895.63767693589,
CT,2038,1591959037.0,,23965.0,66428.50143959942,
CT,2039,1599821357.0,,23902.0,66932.53104342733,
CT,2040,1606341777.0,,23831.0,67405.55482354916,
CT,2041,1611318640.0,,23750.0,67844.99536842105,
CT,2042,1616037674.0,,23662.0,68296.74896458456,
CT,2043,1619098482.0,,23567.0,68701.93414520303,
CT,2044,1621472722.0,,23466.0,69098.81198329497,
CT,2045,1622919032.0,,23360.0,69474.27363013699,
CT,2046,1624577160.0,,23249.0,69877.29192653447,
CT,2047,1625374831.0,,23134.0,70259.13508256247,
CT,2048,1625967558.0,,23016.0,70645.0972367049,
CT,2049,1626451438.0,,22895.0,71039.5910897576,
CT,2050,1625961729.0,,22771.0,71404.93298493698,
HKC,1980,85158630.0,1990000.0,5054.0,16849.74871388999,393.7475267115156
HKC,1981,92654618.0,2050000.0,5152.0,17984.203804347828,397.90372670807454
HKC,1982,95317441.0,2154000.0,5229.0,18228.617517689807,411.9334480780264
HKC,1983,100678413.0,1903000.0,5291.0,19028.239085239085,359.6673596673597
HKC,1984,110864549.0,2485000.0,5350.0,20722.345607476636,464.4859813084112
HKC,1985,111838877.0,2873000.0,5415.0,20653.532225300092,530.5632502308403
HKC,1986,124301087.0,2388000.0,5487.0,22653.74284672863,435.21049753963916
HKC,1987,141264792.0,1737000.0,5564.0,25389.071171818836,312.18547807332857
HKC,1988,154468981.0,2861000.0,5644.0,27368.706768249467,506.90999291282776
HKC,1989,158505430.0,1897000.0,5722.0,27701.0538273331,331.5274379587557
HKC,1990,162136327.0,2026000.0,5782.0,28041.564683500517,350.3977862331373
HKC,1991,171381298.0,2301000.0,5854.0,29275.930645712335,393.06457123334474
HKC,1992,182066812.0,2233000.0,5920.0,30754.529054054055,377.19594594594594
HKC,1993,193357083.0,4091000.0,5984.0,32312.34675802139,683.6564171122994
HKC,1994,205028346.0,4474000.0,6055.0,33860.998513625105,738.8934764657308
HKC,1995,209895285.0,3404000.0,6140.0,34184.89983713355,554.3973941368079
HKC,1996,218833909.0,4563000.0,6242.0,35058.300064082025,731.015700096123
HKC,1997,229993805.0,5116000.0,6357.0,36179.613811546325,804.7821299355041
HKC,1998,216464023.0,4961000.0,6473.0,33441.06642978526,766.4143364745868
HKC,1999,221890122.0,5037000.0,6579.0,33727.02872777018,765.6178750569995
HKC,2000,238894600.0,5223000.0,6663.0,35853.90965030767,783.8811346240432
HKC,2001,240234490.0,5057000.0,6722.0,35738.54358821779,752.3058613507884
HKC,2002,244214305.0,4966000.0,6759.0,36131.72140849238,734.724071608226
HKC,2003,251678273.0,4851000.0,6782.0,37109.742406369805,715.2757298731938
HKC,2004,273574347.0,5163000.0,6803.0,40213.78024401,758.9298838747611
HKC,2005,293786692.0,4204000.0,6828.0,43026.75629759813,615.7000585823081
HKC,2006,314447918.0,2625000.0,6861.0,45831.20798717388,382.5972890249235
HKC,2007,334776452.0,2707000.0,6898.0,48532.393737315164,392.4325891562772
HKC,2008,341900297.0,1985000.0,6940.0,49265.172478386165,286.02305475504323
HKC,2009,333492799.0,1703000.0,6983.0,47757.811685521985,243.87798940283545
HKC,2010,356062533.0,1929000.0,7025.0,50685.05807829181,274.5907473309609
HKC,2011,373205831.0,1886000.0,7065.0,52824.60452937013,266.94975230007077
HKC,2012,379551479.0,1991000.0,7106.0,53412.81719673515,280.1857585139319
HKC,2013,391323225.0,2436000.0,7149.0,54738.17666806546,340.74695761644983
HKC,2014,402133203.0,2727000.0,7194.0,55898.41576313595,379.0658882402002
HKC,2015,411735524.0,3773000.0,7246.0,56822.457079768144,520.7010764559757
HKC,2016,420641047.0,3231000.0,7303.0,57598.39066137204,442.42092290839383
HKC,2017,436589016.0,,7365.0,59278.88879837067,
HKC,2018,449159793.0,,7429.0,60460.330192488895,
HKC,2019,461859171.0,,7491.0,61655.209050861034,
HKC,2020,474571198.0,,7548.0,62873.76762056174,
HKC,2021,487075456.0,,7598.0,64105.74572255857,
HKC,2022,499279321.0,,7643.0,65325.045270181865,
HKC,2023,511253162.0,,7685.0,66526.11086532206,
HKC,2024,523237831.0,,7726.0,67724.28565881439,
HKC,2025,535416628.0,,7768.0,68925.93048403708,
HKC,2026,547357428.0,,7814.0,70048.30151011006,
HKC,2027,559472253.0,,7859.0,71188.73304491666,
HKC,2028,571819963.0,,7905.0,72336.49120809614,
HKC,2029,584393978.0,,7948.0,73527.17388022144,
HKC,2030,597273775.0,,7987.0,74780.74057843996,
HKC,2031,609985677.0,,8023.0,76029.62445469276,
HKC,2032,623109485.0,,8053.0,77376.06916677015,
HKC,2033,636582270.0,,8080.0,78784.9344059406,
HKC,2034,650327773.0,,8105.0,80237.84984577421,
HKC,2035,664226402.0,,8127.0,81730.82342807924,
HKC,2036,678403630.0,,8146.0,83280.583108274,
HKC,2037,692750038.0,,8162.0,84875.03528546925,
HKC,2038,707285171.0,,8176.0,86507.48177592955,
HKC,2039,721959258.0,,8188.0,88172.84538348803,
HKC,2040,736763675.0,,8199.0,89860.18721795341,
HKC,2041,751850965.0,,8209.0,91588.61798026557,
HKC,2042,767026005.0,,8216.0,93357.59554527751,
HKC,2043,782292047.0,,8223.0,95134.62811625928,
HKC,2044,797760612.0,,8228.0,96956.80748663102,
HKC,2045,813367133.0,,8233.0,98793.53006194583,
HKC,2046,830635372.0,,8238.0,100829.7368293275,
HKC,2047,848254575.0,,8243.0,102906.05058837801,
HKC,2048,866084189.0,,8247.0,105018.09009336728,
HKC,2049,883989108.0,,8250.0,107150.1949090909,
HKC,2050,901931121.0,,8253.0,109285.24427480916,
INA,1980,246867132.0,2837000.0,150820.0,1636.832860363347,18.810502585863944
INA,1981,266902407.0,3013000.0,154275.0,1730.0431502187653,19.530059957867444
INA,1982,269765376.0,2846000.0,157758.0,1709.9949035865059,18.040289557423396
INA,1983,292463797.0,2676000.0,161246.0,1813.7739664859903,16.595760514989518
INA,1984,313326797.0,1810000.0,164707.0,1902.3283588432794,10.989211144638661
INA,1985,324093033.0,2181000.0,168119.0,1927.7596999744228,12.972953681618378
INA,1986,343272457.0,2838000.0,171472.0,2001.9155139031445,16.55080712886069
INA,1987,361291604.0,2576000.0,174767.0,2067.275881602362,14.739624757534317
INA,1988,384047185.0,2690000.0,178007.0,2157.4836101951046,15.111765267658013
INA,1989,418680446.0,3085000.0,181198.0,2310.623991434784,17.02557423371119
INA,1990,884274956.0,4690000.0,181437.0,4873.730033014214,25.84919283277391
INA,1991,945395890.0,4479000.0,184616.0,5120.877334575552,24.261169129436237
INA,1992,1006823049.0,4452000.0,187766.0,5362.115872948244,23.710362898501327
INA,1993,1072230383.0,5833000.0,190880.0,5617.300832984074,30.558466051969823
INA,1994,1153076244.0,5281000.0,193945.0,5945.377524555931,27.229369151047976
INA,1995,1247859197.0,7262000.0,196958.0,6335.661394815138,36.87080494318586
INA,1996,1345419164.0,7675000.0,199914.0,6729.989715577698,38.391508348589895
INA,1997,1408652234.0,7486000.0,202827.0,6945.092290474148,36.908301163060145
INA,1998,1223742322.0,3626000.0,205715.0,5948.726743309919,17.6263276863622
INA,1999,1233423667.0,3546000.0,208612.0,5912.525008149099,16.99806339040899
INA,2000,1294108947.0,5287000.0,211540.0,6117.561439916801,24.992909142478965
INA,2001,1341259372.0,5457000.0,214506.0,6252.782542213271,25.439847836424157
INA,2002,1401609008.0,5248000.0,217508.0,6443.94232855803,24.127848171101753
INA,2003,1468611092.0,5063000.0,220546.0,6658.978589500603,22.956662102237175
INA,2004,1542495065.0,6175000.0,223615.0,6897.994611273841,27.61442658140107
INA,2005,1630302696.0,7814000.0,226713.0,7191.041960540419,34.46648405693542
INA,2006,1719984861.0,7494000.0,229838.0,7483.46601084242,32.60557436107171
INA,2007,1829118283.0,8694000.0,232990.0,7850.629996995579,37.314906219151034
INA,2008,1939116035.0,10587000.0,236159.0,8211.061340029388,44.829966251550864
INA,2009,2028875219.0,8908000.0,239340.0,8476.958381382134,37.21901896883095
INA,2010,2155149454.0,10744000.0,242524.0,8886.334770991736,44.3007702330491
INA,2011,2288117524.0,13148000.0,245707.0,9312.382325289878,53.510888985661786
INA,2012,2426092170.0,15006000.0,248883.0,9747.922397271006,60.293390870408984
INA,2013,2560916509.0,15237000.0,252033.0,10161.036487285395,60.45636880884646
INA,2014,2689133108.0,15483000.0,255131.0,10540.20525925897,60.68647087182663
INA,2015,2820263905.0,13656000.0,258162.0,10924.39594130817,52.89701815139331
INA,2016,2962215673.0,15214000.0,261115.0,11344.486808494341,58.26551519445455
INA,2017,3112331292.0,,263991.0,11789.53559780447,
INA,2018,3295609280.0,,266795.0,12352.590116006671,
INA,2019,3488936656.0,,269537.0,12944.18449415108,
INA,2020,3693734814.0,,272223.0,13568.782997762864,
INA,2021,3911045297.0,,274854.0,14229.537488994158,
INA,2022,4141602277.0,,277425.0,14928.727681355322,
INA,2023,4385948175.0,,279934.0,15667.793747811984,
INA,2024,4644490992.0,,282376.0,16447.89568518571,
INA,2025,4917539393.0,,284751.0,17269.612373617652,
INA,2026,5205336959.0,,287056.0,18133.524326263865,
INA,2027,5508052854.0,,289292.0,19039.769001562436,
INA,2028,5825728932.0,,291460.0,19988.09075687916,
INA,2029,6158276587.0,,293560.0,20977.914521733208,
INA,2030,6505538184.0,,295595.0,22008.282223988903,
INA,2031,6867313616.0,,297565.0,23078.364780804193,
INA,2032,7243345960.0,,299468.0,24187.378818438032,
INA,2033,7633308546.0,,301302.0,25334.41047852321,
INA,2034,8036803252.0,,303066.0,26518.326872694397,
INA,2035,8453413859.0,,304758.0,27738.119619501376,
INA,2036,8882770875.0,,306378.0,28992.84829524313,
INA,2037,9324649631.0,,307924.0,30282.308722282123,
INA,2038,9778929011.0,,309399.0,31606.20755399985,
INA,2039,10245538372.0,,310802.0,32964.84054800162,
INA,2040,10724462970.0,,312134.0,34358.52220520674,
INA,2041,11215778671.0,,313396.0,35787.880735555016,
INA,2042,11719616575.0,,314588.0,37253.85766462802,
INA,2043,12236108165.0,,315709.0,38757.552572147135,
INA,2044,12765364531.0,,316757.0,40300.18130933176,
INA,2045,13307482936.0,,317732.0,41882.72800976924,
INA,2046,13862577929.0,,318635.0,43506.136893310526,
INA,2047,14430737645.0,,319465.0,45171.57636986837,
INA,2048,15011947341.0,,320226.0,46879.226986565736,
INA,2049,15606037447.0,,320920.0,48629.0584787486,
INA,2050,16212728393.0,,321550.0,50420.551680920544,
JPN,1980,2467546820.0,79007000.0,115915.0,21287.553983522408,681.5942716645818
JPN,1981,2571706518.0,71136000.0,116824.0,22013.51193247963,608.9159761692803
JPN,1982,2660617879.0,69504000.0,117711.0,22602.967258794844,590.4630833142187
JPN,1983,2742933694.0,65614000.0,118554.0,23136.576530526174,553.4524351772188
JPN,1984,2865668388.0,74367000.0,119321.0,24016.46305344407,623.2515651058908
JPN,1985,3045585738.0,73377000.0,119991.0,25381.784783858788,611.5208640648049
JPN,1986,3127382353.0,69941000.0,120553.0,25941.970361583702,580.1680588620773
JPN,1987,3252503389.0,75751000.0,121024.0,26874.862746232153,625.9171734531993
JPN,1988,3481900817.0,86871000.0,121435.0,28672.959336270433,715.3703627455017
JPN,1989,3665877717.0,93278000.0,121833.0,30089.365910713845,765.6217937668777
JPN,1990,3980922738.0,99032000.0,124516.0,31971.17429085419,795.3355392078126
JPN,1991,4116970644.0,99151000.0,124940.0,32951.58191131743,793.5889226828878
JPN,1992,4151885419.0,84040000.0,125341.0,33124.719118245426,670.4909008225561
JPN,1993,4130381981.0,80589000.0,125717.0,32854.6018517782,641.0350231074557
JPN,1994,4171399415.0,79333000.0,126063.0,33089.79966366023,629.3123279630026
JPN,1995,4285785040.0,84340000.0,126376.0,33912.966386022665,667.3735519402418
JPN,1996,4418644346.0,84400000.0,126654.0,34887.5230628326,666.3824277164558
JPN,1997,4466190958.0,85500000.0,126902.0,35194.01552379001,673.7482466785393
JPN,1998,4415794020.0,72500000.0,127128.0,34735.02312629791,570.2913598892455
JPN,1999,4404668239.0,71000000.0,127336.0,34590.91096783314,557.5799459697179
JPN,2000,4527101843.0,79600000.0,127534.0,35497.21519751596,624.1472862138723
JPN,2001,4545497083.0,75200000.0,127723.0,35588.71215834266,588.7741440460998
JPN,2002,4550860441.0,73600000.0,127902.0,35580.83877499961,575.4405716876984
JPN,2003,4620407607.0,76400000.0,128068.0,36077.76811537621,596.5580785207858
JPN,2004,4722273174.0,80500000.0,128213.0,36831.469304984676,627.8614493070125
JPN,2005,4800789013.0,82900000.0,128335.0,37408.25973428917,645.9656368099115
JPN,2006,4868960531.0,83300000.0,128433.0,37910.510001323644,648.5872011087494
JPN,2007,4949502092.0,85900000.0,128506.0,38515.72760804943,668.4512785395234
JPN,2008,4895377277.0,83200000.0,128551.0,38081.20727960109,647.2139462158988
JPN,2009,4630223435.0,56000000.0,128566.0,36014.36954560304,435.573946455517
JPN,2010,4824310329.0,67400000.0,128552.0,37528.08458055884,524.3014499968884
JPN,2011,4818742045.0,69600000.0,128506.0,37498.18720526668,541.6089521111854
JPN,2012,4890786556.0,68800000.0,128426.0,38082.52656004236,535.7170666375968
JPN,2013,4988615386.0,70800000.0,128313.0,38878.487651290205,551.7757358958172
JPN,2014,5007308700.0,72900000.0,128162.0,39070.151058816184,568.8113481375135
JPN,2015,5075098803.0,67800000.0,127975.0,39656.954897440904,529.7909747997655
JPN,2016,5122713069.0,67500000.0,127749.0,40099.8291102083,528.3798699011343
JPN,2017,5210443687.0,,127484.0,40871.35395029964,
JPN,2018,5250003682.0,,127185.0,41278.48159767268,
JPN,2019,5296109833.0,,126855.0,41749.3187734027,
JPN,2020,5347531502.0,,126495.0,42274.64723506858,
JPN,2021,5403147929.0,,126109.0,42845.06204156722,
JPN,2022,5462306521.0,,125697.0,43456.14072730455,
JPN,2023,5524722222.0,,125259.0,44106.38933729313,
JPN,2024,5590267170.0,,124796.0,44795.24319689734,
JPN,2025,5658856244.0,,124310.0,45522.13212130963,
JPN,2026,5730421375.0,,123801.0,46287.35935089377,
JPN,2027,5804855810.0,,123272.0,47089.81609773509,
JPN,2028,5881862362.0,,122724.0,47927.56398096542,
JPN,2029,5960930694.0,,122161.0,48795.69333911805,
JPN,2030,6041482769.0,,121580.0,49691.419386412235,
JPN,2031,6122239375.0,,120988.0,50602.03801203425,
JPN,2032,6201587220.0,,120382.0,51515.90121446728,
JPN,2033,6279518300.0,,119766.0,52431.560710051264,
JPN,2034,6356080281.0,,119138.0,53350.57060719502,
JPN,2035,6431338777.0,,118500.0,54272.90107172996,
JPN,2036,6505342764.0,,117852.0,55199.256389369715,
JPN,2037,6578159613.0,,117198.0,56128.59957507807,
JPN,2038,6649849253.0,,116539.0,57061.14908313955,
JPN,2039,6720513127.0,,115876.0,57997.45527115192,
JPN,2040,6790328495.0,,115213.0,58937.17284507825,
JPN,2041,6859623800.0,,114548.0,59884.27384153368,
JPN,2042,6928927126.0,,113886.0,60840.90341218411,
JPN,2043,6998793709.0,,113226.0,61812.60230865702,
JPN,2044,7069777294.0,,112571.0,62802.82927219266,
JPN,2045,7142438952.0,,111924.0,63815.07944676745,
JPN,2046,7217398990.0,,111282.0,64856.84108840603,
JPN,2047,7295399996.0,,110650.0,65932.21867148667,
JPN,2048,7377138739.0,,110024.0,67050.26847778667,
JPN,2049,7463193178.0,,109406.0,68215.57481308155,
JPN,2050,7554033544.0,,108794.0,69434.28446421678,
MAS,1980,83600259.0,1751000.0,13833.0,6043.537844285404,126.58136340634714
MAS,1981,89402664.0,1738000.0,14179.0,6305.28697369349,122.57564003103181
MAS,1982,94713748.0,2379000.0,14542.0,6513.11704029707,163.59510383716133
MAS,1983,100633836.0,2673000.0,14926.0,6742.183840278708,179.08347849390324
MAS,1984,108445228.0,2408000.0,15332.0,7073.129924341247,157.05713540307852
MAS,1985,107228124.0,2305000.0,15763.0,6802.5200786652285,146.22850980143374
MAS,1986,108463462.0,2146000.0,16220.0,6687.019852034526,132.30579531442663
MAS,1987,114307425.0,1668000.0,16702.0,6843.936354927554,99.86827924799425
MAS,1988,125665829.0,1847000.0,17200.0,7306.15284883721,107.38372093023256
MAS,1989,137047678.0,2377000.0,17705.0,7740.620050833098,134.2558599265744
MAS,1990,200554123.0,2938000.0,18038.0,11118.423494844217,162.87836789000997
MAS,1991,219697951.0,4137000.0,18530.0,11856.33842417701,223.2595790609822
MAS,1992,239218373.0,4532000.0,19013.0,12581.83206227318,238.36322516173144
MAS,1993,262888896.0,5592000.0,19495.0,13484.939522954604,286.8427802000513
MAS,1994,287106331.0,5302000.0,19987.0,14364.653574823635,265.27242707760047
MAS,1995,315326256.0,8313000.0,20496.0,15384.77049180328,405.59133489461357
MAS,1996,346867398.0,8705000.0,21023.0,16499.42434476526,414.07030395281356
MAS,1997,372267602.0,8848000.0,21566.0,17261.782528053416,410.2754335528146
MAS,1998,344870884.0,4471000.0,22114.0,15595.138102559464,202.17961472370445
MAS,1999,366037720.0,6158000.0,22656.0,16156.325918079096,271.80437853107344
MAS,2000,398464520.0,6761000.0,23186.0,17185.565427413094,291.5983783317519
MAS,2001,400527272.0,8024000.0,23699.0,16900.597999915608,338.5796869066205
MAS,2002,422119650.0,7640000.0,24199.0,17443.681557089138,315.71552543493533
MAS,2003,446554043.0,6693000.0,24688.0,18087.89869572262,271.1033700583279
MAS,2004,476845759.0,7709000.0,25174.0,18941.994081194884,306.2286486057043
MAS,2005,502271838.0,7263000.0,25660.0,19574.1168355417,283.04754481683557
MAS,2006,530322952.0,7883000.0,26144.0,20284.69063647491,301.5223378212974
MAS,2007,563726860.0,8947000.0,26626.0,21172.044618042513,336.0249380304965
MAS,2008,590964844.0,9873000.0,27111.0,21797.97292611855,364.1695252849397
MAS,2009,582020422.0,7727000.0,27605.0,21083.876906357546,279.91305922840064
MAS,2010,625234550.0,9668000.0,28112.0,22240.841989186112,343.9100739897553
MAS,2011,658333922.0,9578000.0,28635.0,22990.533333333333,334.48576916361094
MAS,2012,694367528.0,10374000.0,29171.0,23803.3501765452,355.62716396421104
MAS,2013,726959213.0,11685000.0,29706.0,24471.79738100047,393.35487780246416
MAS,2014,770625631.0,11720000.0,30228.0,25493.76839354241,387.7199947068943
MAS,2015,809372737.0,11629000.0,30723.0,26344.196107150994,378.5112130976793
MAS,2016,843527063.0,11925000.0,31187.0,27047.393561419824,382.37085965306056
MAS,2017,893310084.0,,31624.0,28247.852390589425,
MAS,2018,936244052.0,,32043.0,29218.364447773303,
MAS,2019,980686103.0,,32455.0,30216.79565552303,
MAS,2020,1026535142.0,,32869.0,31231.103532203597,
MAS,2021,1073995475.0,,33289.0,32262.773739072967,
MAS,2022,1122952095.0,,33711.0,33311.14754827801,
MAS,2023,1173554862.0,,34131.0,34383.84055550672,
MAS,2024,1225847959.0,,34545.0,35485.53941236069,
MAS,2025,1279938307.0,,34950.0,36621.98303290415,
MAS,2026,1334807058.0,,35344.0,37766.15714124038,
MAS,2027,1391445555.0,,35728.0,38945.52046014331,
MAS,2028,1449800778.0,,36102.0,40158.461525677245,
MAS,2029,1510084857.0,,36464.0,41413.03359477841,
MAS,2030,1572391528.0,,36815.0,42710.62143148173,
MAS,2031,1636594090.0,,37153.0,44050.11950582726,
MAS,2032,1702987236.0,,37478.0,45439.65088852127,
MAS,2033,1771408428.0,,37791.0,46873.81725807732,
MAS,2034,1842057125.0,,38091.0,48359.37951222074,
MAS,2035,1914777127.0,,38381.0,49888.672181548165,
MAS,2036,1988510126.0,,38659.0,51437.184769393934,
MAS,2037,2064280352.0,,38925.0,53032.25053307643,
MAS,2038,2142014094.0,,39181.0,54669.71475970496,
MAS,2039,2221550062.0,,39429.0,56343.04856831266,
MAS,2040,2302929229.0,,39668.0,58055.08795502672,
MAS,2041,2385227212.0,,39900.0,59780.13062656642,
MAS,2042,2469225371.0,,40124.0,61539.86070680889,
MAS,2043,2555241485.0,,40341.0,63341.054634243075,
MAS,2044,2642997976.0,,40554.0,65172.31286679489,
MAS,2045,2732576904.0,,40761.0,67039.00551998234,
MAS,2046,2821931807.0,,40964.0,68888.09215408651,
MAS,2047,2912589840.0,,41162.0,70759.19148729411,
MAS,2048,3004664171.0,,41356.0,72653.64568623657,
MAS,2049,3097914070.0,,41545.0,74567.67529185221,
MAS,2050,3192193894.0,,41729.0,76498.21213065254,
MEX,1980,821671040.0,10316000.0,68776.0,11947.060602535768,149.9941840176806
MEX,1981,893927626.0,11309000.0,70318.0,12712.642936374754,160.82653090247163
MEX,1982,888367121.0,8182000.0,71789.0,12374.69697307387,113.9728927830169
MEX,1983,851116920.0,6235000.0,73223.0,11623.628094997473,85.15084058287697
MEX,1984,881982276.0,7261000.0,74673.0,11811.260776987667,97.23728790861489
MEX,1985,905173493.0,7564000.0,76175.0,11882.81579258287,99.29766983918609
MEX,1986,871739306.0,6694000.0,77741.0,11213.379117840008,86.10643032634003
MEX,1987,888612058.0,6429000.0,79359.0,11197.369649315138,81.01160548898045
MEX,1988,900215807.0,6871000.0,81010.0,11112.403493395877,84.81668929761757
MEX,1989,937987309.0,7285000.0,82666.0,11346.712179130476,88.12571069121525
MEX,1990,940509384.0,8257000.0,85358.0,11018.40933480166,96.7337566484688
MEX,1991,980220049.0,9072000.0,87071.0,11257.709788563356,104.19083276866006
MEX,1992,1015788889.0,9431000.0,88828.0,11435.458290178773,106.17147746206152
MEX,1993,1321231084.0,8745000.0,90601.0,14582.963587598371,96.52211344245649
MEX,1994,1386514177.0,11101000.0,92349.0,15013.851552263695,120.20704068262786
MEX,1995,1299285370.0,8423000.0,94045.0,13815.57095007709,89.56350683183582
MEX,1996,1387289329.0,11924000.0,95687.0,14498.200685568572,124.61462894646085
MEX,1997,1482274980.0,14438000.0,97282.0,15236.888427458318,148.41388951707407
MEX,1998,1558818551.0,16832000.0,98822.0,15774.003268502966,170.32644552832366
MEX,1999,1601741466.0,17623000.0,100300.0,15969.506141575273,175.70289132602193
MEX,2000,1680906796.0,19800000.0,101720.0,16524.840699960678,194.65198584349193
MEX,2001,1674109375.0,18790000.0,103067.0,16242.923292615484,182.30859537970446
MEX,2002,1673442335.0,19673000.0,104356.0,16035.899564950745,188.51814941162942
MEX,2003,1697646715.0,20608000.0,105640.0,16070.112788716395,195.07762211283605
MEX,2004,1764204496.0,22298000.0,106996.0,16488.508878836594,208.40031403043105
MEX,2005,1804918932.0,22434000.0,108473.0,16639.338194758144,206.81644280143445
MEX,2006,1886051444.0,25480000.0,110092.0,17131.593975947388,231.44279330014896
MEX,2007,1929269289.0,25111000.0,111836.0,17250.87886726993,224.5341392753675
MEX,2008,1951332115.0,23984000.0,113662.0,17167.849545142617,211.01159578399114
MEX,2009,1848189692.0,17098000.0,115505.0,16000.949673174322,148.02822388641184
MEX,2010,1942782224.0,20648000.0,117319.0,16559.825978741723,175.9987725773319
MEX,2011,2013946491.0,23140000.0,119090.0,16911.130162062305,194.30682676967
MEX,2012,2087300921.0,23714000.0,120829.0,17274.83402991004,196.26083142292
MEX,2013,2115564895.0,22904000.0,122536.0,17264.843760201085,186.91649800874845
MEX,2014,2175758719.0,26073000.0,124222.0,17515.08363252886,209.89035758561286
MEX,2015,2246916302.0,27707000.0,125891.0,17848.109094375293,220.08721830790128
MEX,2016,2312376350.0,28421000.0,127541.0,18130.45491253793,222.8381461647627
MEX,2017,2359469879.0,,129163.0,18267.38213729938,
MEX,2018,2423064928.0,,130760.0,18530.628081982257,
MEX,2019,2488662577.0,,132328.0,18806.772391330633,
MEX,2020,2556590943.0,,133870.0,19097.564375887054,
MEX,2021,2627008540.0,,135384.0,19404.12855285706,
MEX,2022,2700146947.0,,136869.0,19727.965770189014,
MEX,2023,2776111140.0,,138322.0,20069.917583609258,
MEX,2024,2854917200.0,,139745.0,20429.476546566962,
MEX,2025,2937112495.0,,141132.0,20811.102336819433,
MEX,2026,3023294578.0,,142484.0,21218.484728109823,
MEX,2027,3114081122.0,,143801.0,21655.490031362788,
MEX,2028,3210039340.0,,145083.0,22125.537382050275,
MEX,2029,3311660729.0,,146329.0,22631.609106875603,
MEX,2030,3419361890.0,,147540.0,23175.829537752474,
MEX,2031,3533473991.0,,148716.0,23759.87782753705,
MEX,2032,3654226262.0,,149856.0,24384.917934550504,
MEX,2033,3781732343.0,,150959.0,25051.387085235063,
MEX,2034,3916000285.0,,152028.0,25758.414798589733,
MEX,2035,4056930894.0,,153061.0,26505.320715270384,
MEX,2036,4204318922.0,,154058.0,27290.493982785705,
MEX,2037,4357867161.0,,155018.0,28112.007386239016,
MEX,2038,4517210602.0,,155944.0,28966.876583901914,
MEX,2039,4681952918.0,,156835.0,29852.73005387828,
MEX,2040,4851673587.0,,157690.0,30767.160802841016,
MEX,2041,5025961192.0,,158510.0,31707.53385906252,
MEX,2042,5204430223.0,,159295.0,32671.648344266927,
MEX,2043,5386696996.0,,160045.0,33657.39008403887,
MEX,2044,5572396061.0,,160758.0,34663.25819554859,
MEX,2045,5761177263.0,,161436.0,35687.06647216234,
MEX,2046,5952481071.0,,162078.0,36726.027412727206,
MEX,2047,6145357455.0,,162682.0,37775.27602930871,
MEX,2048,6339669440.0,,163251.0,38833.87813857189,
MEX,2049,6535297420.0,,163783.0,39902.17189818235,
MEX,2050,6732144268.0,,164279.0,40979.94428989707,
NZ,1980,65153924.0,612000.0,3147.0,20703.503018748015,194.47092469018114
NZ,1981,68226826.0,732000.0,3165.0,21556.65908372828,231.27962085308056
NZ,1982,68458560.0,794000.0,3189.0,21467.093132643462,248.98087174662905
NZ,1983,70033554.0,751000.0,3216.0,21776.6026119403,233.51990049751242
NZ,1984,73535243.0,794000.0,3244.0,22668.077373612825,244.75955610357585
NZ,1985,74223543.0,680000.0,3269.0,22705.274701743652,208.01468338941572
NZ,1986,76428512.0,607000.0,3291.0,23223.49194773625,184.442418717715
NZ,1987,75873104.0,864000.0,3311.0,22915.464814255512,260.9483539716098
NZ,1988,77556853.0,671000.0,3333.0,23269.38283828383,201.32013201320132
NZ,1989,78247073.0,686000.0,3361.0,23280.89050877715,204.10592085688782
NZ,1990,83052842.0,680000.0,3399.0,24434.493086201823,200.05884083553985
NZ,1991,81688662.0,538000.0,3446.0,23705.357515960535,156.12304120719676
NZ,1992,82723247.0,619000.0,3504.0,23608.232591324202,176.6552511415525
NZ,1993,88127414.0,726000.0,3565.0,24720.172230014025,203.64656381486677
NZ,1994,92724484.0,844000.0,3623.0,25593.28843499862,232.95611371791333
NZ,1995,96968685.0,908000.0,3675.0,26386.036734693876,247.0748299319728
NZ,1996,100224850.0,916000.0,3717.0,26963.90906645144,246.4352972827549
NZ,1997,103240011.0,780000.0,3752.0,27515.994402985074,207.88912579957355
NZ,1998,104340666.0,740000.0,3784.0,27574.17177589852,195.56025369978857
NZ,1999,109759848.0,830000.0,3819.0,28740.468185388847,217.33438072793925
NZ,2000,112272733.0,960000.0,3859.0,29093.73749676082,248.76911116869655
NZ,2001,116536454.0,1000000.0,3908.0,29819.972876151485,255.88536335721597
NZ,2002,122433889.0,1100000.0,3964.0,30886.45030272452,277.49747729566093
NZ,2003,127992718.0,1100000.0,4022.0,31823.152163102935,273.49577324714073
NZ,2004,132177606.0,1200000.0,4081.0,32388.533692722373,294.045577064445
NZ,2005,136564457.0,1200000.0,4136.0,33018.48573500967,290.1353965183752
NZ,2006,140078141.0,1200000.0,4186.0,33463.48327759197,286.66985188724317
NZ,2007,145345665.0,1230000.0,4233.0,34336.32530120482,290.5740609496811
NZ,2008,143099309.0,1190000.0,4278.0,33450.04885460495,278.16736792893875
NZ,2009,145841185.0,740000.0,4324.0,33728.30365402405,171.13783533765033
NZ,2010,147244406.0,971000.0,4370.0,33694.372082379865,222.19679633867275
NZ,2011,151213818.0,931000.0,4418.0,34226.75826165686,210.72883657763694
NZ,2012,154993282.0,974000.0,4467.0,34697.399149317214,218.04342959480635
NZ,2013,158121062.0,1016000.0,4518.0,34998.021691013724,224.87826471890216
NZ,2014,163726440.0,1140000.0,4567.0,35849.88832931903,249.61681629078168
NZ,2015,170986553.0,1067000.0,4615.0,37050.17399783315,231.20260021668471
NZ,2016,176922277.0,999000.0,4661.0,37958.008367303155,214.3316884788672
NZ,2017,182280646.0,,4706.0,38733.66893327667,
NZ,2018,186682811.0,,4749.0,39309.920193724996,
NZ,2019,191405456.0,,4792.0,39942.70784641068,
NZ,2020,196388262.0,,4834.0,40626.45055854365,
NZ,2021,201568161.0,,4875.0,41347.31507692308,
NZ,2022,206897456.0,,4916.0,42086.54515866558,
NZ,2023,212343571.0,,4956.0,42845.756860371264,
NZ,2024,217887368.0,,4994.0,43629.829395274326,
NZ,2025,223518971.0,,5033.0,44410.68368766143,
NZ,2026,229235922.0,,5070.0,45214.185798816565,
NZ,2027,235041013.0,,5107.0,46023.303896612495,
NZ,2028,240935991.0,,5144.0,46838.256415241056,
NZ,2029,246919467.0,,5178.0,47686.26245654693,
NZ,2030,252990272.0,,5213.0,48530.64876270861,
NZ,2031,259149179.0,,5246.0,49399.386008387344,
NZ,2032,265399963.0,,5279.0,50274.666224663764,
NZ,2033,271747490.0,,5310.0,51176.55178907721,
NZ,2034,278196682.0,,5340.0,52096.75692883895,
NZ,2035,284752565.0,,5370.0,53026.54841713222,
NZ,2036,291419540.0,,5398.0,53986.57650981845,
NZ,2037,298201206.0,,5425.0,54967.964239631336,
NZ,2038,305098762.0,,5451.0,55971.15428361768,
NZ,2039,312109627.0,,5477.0,56985.50794230418,
NZ,2040,319230300.0,,5502.0,58020.77426390404,
NZ,2041,326460074.0,,5526.0,59077.1035106768,
NZ,2042,333803580.0,,5549.0,60155.62804108849,
NZ,2043,341264267.0,,5572.0,61246.279073941136,
NZ,2044,348841409.0,,5593.0,62371.072590738426,
NZ,2045,356531648.0,,5614.0,63507.59672247952,
NZ,2046,364331912.0,,5635.0,64655.1751552795,
NZ,2047,372242296.0,,5656.0,65813.70155586988,
NZ,2048,380262050.0,,5675.0,67006.52863436124,
NZ,2049,388389002.0,,5694.0,68210.22163681067,
NZ,2050,396619420.0,,5711.0,69448.33129049203,
PE,1980,125218997.0,615000.0,17287.0,7243.535431248915,35.57586625788164
PE,1981,134182912.0,764000.0,17720.0,7572.399097065463,43.11512415349887
PE,1982,133351254.0,451000.0,18152.0,7346.367011899515,24.8457470251212
PE,1983,117593546.0,339000.0,18585.0,6327.336346516007,18.24051654560129
PE,1984,123686683.0,471000.0,19021.0,6502.638294516587,24.76210504179591
PE,1985,127129577.0,533000.0,19460.0,6532.866238437821,27.38951695786228
PE,1986,139822568.0,550000.0,19904.0,7024.847668810289,27.632636655948552
PE,1987,150989036.0,581000.0,20350.0,7419.608648648648,28.55036855036855
PE,1988,137836386.0,567000.0,20798.0,6627.386575632272,27.262236753533994
PE,1989,121694730.0,452000.0,21244.0,5728.428262097534,21.27659574468085
PE,1990,122184473.0,425000.0,21827.0,5597.85921106886,19.471297017455445
PE,1991,124896063.0,552000.0,22283.0,5604.993178656375,24.772247901988063
PE,1992,124220988.0,508000.0,22737.0,5463.385143158728,22.34243743677706
PE,1993,130734611.0,634000.0,23184.0,5639.001509661835,27.346445824706695
PE,1994,146825906.0,815000.0,23619.0,6216.431940386977,34.50611795588298
PE,1995,157707754.0,1152000.0,24039.0,6560.495611298307,47.922126544365405
PE,1996,162121952.0,856000.0,24441.0,6633.196350394828,35.02311689374412
PE,1997,172622306.0,1160000.0,24828.0,6952.727001772193,46.721443531496696
PE,1998,171946425.0,1436000.0,25200.0,6823.270833333333,56.98412698412698
PE,1999,174516870.0,929000.0,25561.0,6827.466452799186,36.34443096905442
PE,2000,179219003.0,1098000.0,25915.0,6915.647424271658,42.36928419834073
PE,2001,180326383.0,1023000.0,26262.0,6866.437552357018,38.95362120173635
PE,2002,190160535.0,1310000.0,26601.0,7148.623547986917,49.246268937257994
PE,2003,198080765.0,1200000.0,26938.0,7353.209778008761,44.5467369515183
PE,2004,207902012.0,1090000.0,27273.0,7622.997543357899,39.96626700399663
PE,2005,220968779.0,1265000.0,27610.0,8003.215465411083,45.81673306772908
PE,2006,237605295.0,1670000.0,27950.0,8501.08389982111,59.749552772808585
PE,2007,257845435.0,1805000.0,28293.0,9113.400311030997,63.79669883009932
PE,2008,281377875.0,2514000.0,28642.0,9823.960442706515,87.77320019551708
PE,2009,284461280.0,1854000.0,29001.0,9808.671425123272,63.928830040343435
PE,2010,308163900.0,2832000.0,29374.0,10491.043099339551,96.41179274188057
PE,2011,327662023.0,2833000.0,29760.0,11010.148622311828,95.19489247311827
PE,2012,347779569.0,3130000.0,30159.0,11531.535163632747,103.78328193905634
PE,2013,368133432.0,3235000.0,30566.0,12043.886409736308,105.83655041549434
PE,2014,376880366.0,3392000.0,30973.0,12168.029122138636,109.51473864333451
PE,2015,389134140.0,4084000.0,31377.0,12401.891194186825,130.15903368709564
PE,2016,404510033.0,3820000.0,31774.0,12730.850160508591,120.22408258324417
PE,2017,414733744.0,,32165.0,12893.945095600808,
PE,2018,432931493.0,,32552.0,13299.68951216515,
PE,2019,451589302.0,,32933.0,13712.364558345733,
PE,2020,470556533.0,,33312.0,14125.736461335255,
PE,2021,489665503.0,,33686.0,14536.172386154485,
PE,2022,508982911.0,,34055.0,14945.908412861547,
PE,2023,528560340.0,,34419.0,15356.644295302014,
PE,2024,548354167.0,,34778.0,15767.271464719075,
PE,2025,568364402.0,,35130.0,16178.889894676915,
PE,2026,588592038.0,,35478.0,16590.338745137833,
PE,2027,609064073.0,,35821.0,17002.989112531755,
PE,2028,629829321.0,,36156.0,17419.77323265848,
PE,2029,650891241.0,,36485.0,17839.968233520623,
PE,2030,672290456.0,,36807.0,18265.288015866547,
PE,2031,693843365.0,,37120.0,18691.900996767243,
PE,2032,715724740.0,,37426.0,19123.730561641638,
PE,2033,737936626.0,,37725.0,19560.944360503643,
PE,2034,760462646.0,,38015.0,20004.278469025383,
PE,2035,783318477.0,,38299.0,20452.713569544896,
PE,2036,806433252.0,,38575.0,20905.59305249514,
PE,2037,829886119.0,,38844.0,21364.589614869736,
PE,2038,853642220.0,,39106.0,21828.932133176495,
PE,2039,877682861.0,,39359.0,22299.41972611093,
PE,2040,902032396.0,,39607.0,22774.570050748604,
PE,2041,927409574.0,,39845.0,23275.431647634585,
PE,2042,953146555.0,,40076.0,23783.475271983232,
PE,2043,979251410.0,,40299.0,24299.64540063029,
PE,2044,1005700078.0,,40514.0,24823.519721577726,
PE,2045,1032497892.0,,40720.0,25356.038605108057,
PE,2046,1059931689.0,,40917.0,25904.433096268054,
PE,2047,1087807946.0,,41106.0,26463.48333576607,
PE,2048,1115972908.0,,41286.0,27030.29860000969,
PE,2049,1144533167.0,,41458.0,27607.05212504221,
PE,2050,1173461229.0,,41621.0,28193.970087215588,
PNG,1980,7395396.0,,3215.0,2300.2786936236394,
PNG,1981,7375056.0,,3304.0,2232.1598062953994,
PNG,1982,7401073.0,,3396.0,2179.35011778563,
PNG,1983,7639610.0,,3489.0,2189.627400401261,
PNG,1984,7612497.0,,3584.0,2124.0226004464284,
PNG,1985,7917000.0,,3678.0,2152.5285481239803,
PNG,1986,8288537.0,,3771.0,2197.967913020419,
PNG,1987,8518157.0,,3865.0,2203.9216041397153,
PNG,1988,8765963.0,,3960.0,2213.62702020202,
PNG,1989,8641509.0,,4057.0,2130.0244022676857,
PNG,1990,10786809.0,,4313.0,2500.999072571296,
PNG,1991,11816615.0,,4423.0,2671.6289848519104,
PNG,1992,13453108.0,,4535.0,2966.5067254685778,
PNG,1993,15901881.0,,4651.0,3419.0240808428293,
PNG,1994,16846788.0,,4771.0,3531.0811150702157,
PNG,1995,16288747.0,,4894.0,3328.3095627298735,
PNG,1996,17548469.0,,5022.0,3494.3187972919154,
PNG,1997,16863309.0,,5155.0,3271.2529582929196,
PNG,1998,16227711.0,,5291.0,3067.040446040446,
PNG,1999,16528825.0,,5431.0,3043.4220217271222,
PNG,2000,16116457.0,,5572.0,2892.4007537688444,
PNG,2001,16096910.0,,5717.0,2815.6218296309253,
PNG,2002,16071332.0,,5862.0,2741.6124189696347,
PNG,2003,16419132.0,,6011.0,2731.514223922808,
PNG,2004,16865925.0,,6162.0,2737.0861733203506,
PNG,2005,17936034.0,,6315.0,2840.227078384798,
PNG,2006,18347570.0,,6470.0,2835.791344667697,
PNG,2007,20383743.0,,6628.0,3075.3987628243813,
PNG,2008,20323759.0,,6787.0,2994.5128922940917,
PNG,2009,21706903.0,,6947.0,3124.644162948035,
PNG,2010,23904659.0,,7108.0,3363.0640123804164,
PNG,2011,24169358.0,,7269.0,3324.9907827761726,
PNG,2012,25292851.0,,7431.0,3403.6941192302515,
PNG,2013,26261550.0,,7593.0,3458.652706440142,
PNG,2014,30311462.0,,7756.0,3908.130737493553,
PNG,2015,31917663.0,,7920.0,4030.0079545454546,
PNG,2016,32524099.0,,8085.0,4022.770439084725,
PNG,2017,33239629.0,,8251.0,4028.5576293782574,
PNG,2018,34876684.0,,8418.0,4143.108101686861,
PNG,2019,36665141.0,,8587.0,4269.842902061256,
PNG,2020,38639171.0,,8756.0,4412.879282777524,
PNG,2021,40725454.0,,8926.0,4562.564866681604,
PNG,2022,43001855.0,,9097.0,4727.03693525338,
PNG,2023,45470345.0,,9268.0,4906.165839447562,
PNG,2024,48128000.0,,9442.0,5097.225164160135,
PNG,2025,50979655.0,,9614.0,5302.647701268983,
PNG,2026,53924221.0,,9788.0,5509.217511238251,
PNG,2027,57051063.0,,9962.0,5726.868399919695,
PNG,2028,60365946.0,,10137.0,5955.010949985202,
PNG,2029,63871411.0,,10312.0,6193.891679596586,
PNG,2030,67577870.0,,10487.0,6443.965862496424,
PNG,2031,71378002.0,,10662.0,6694.616582254736,
PNG,2032,75372457.0,,10837.0,6955.103534188429,
PNG,2033,79568047.0,,11012.0,7225.576371231384,
PNG,2034,83972633.0,,11187.0,7506.26915169393,
PNG,2035,88601819.0,,11362.0,7798.082995951417,
PNG,2036,93356140.0,,11536.0,8092.5918862690705,
PNG,2037,98328701.0,,11709.0,8397.702707319157,
PNG,2038,103540639.0,,11881.0,8714.808433633532,
PNG,2039,108995767.0,,12053.0,9043.04048784535,
PNG,2040,114708172.0,,12224.0,9383.84914921466,
PNG,2041,120512161.0,,12394.0,9723.427545586574,
PNG,2042,126570927.0,,12564.0,10074.094794651384,
PNG,2043,132883665.0,,12732.0,10436.982799245994,
PNG,2044,139463662.0,,12899.0,10811.974726723001,
PNG,2045,146324400.0,,13064.0,11200.581751377833,
PNG,2046,153271845.0,,13228.0,11586.92508315694,
PNG,2047,160485366.0,,13391.0,11984.569188260772,
PNG,2048,167977746.0,,13553.0,12394.137534125286,
PNG,2049,175756311.0,,13713.0,12816.765915554583,
PNG,2050,183827870.0,,13871.0,13252.676086799798,
PRC,1980,614872138.0,43111000.0,983171.0,625.3969431563787,43.84893370532695
PRC,1981,647379391.0,39422000.0,996668.0,649.5436705101398,39.55379323907259
PRC,1982,705677085.0,41152000.0,1010575.0,698.2926403285259,40.721371496425306
PRC,1983,782448850.0,50389000.0,1025090.0,763.2977104449366,49.15568389117053
PRC,1984,902916289.0,56067000.0,1040398.0,867.856617371429,53.889953652352276
PRC,1985,1026672990.0,71528000.0,1056579.0,971.6954340375873,67.69773012713674
PRC,1986,1118457432.0,75716000.0,1073792.0,1041.595981344618,70.5127249970199
PRC,1987,1249061845.0,69723000.0,1091905.0,1143.9290460250663,63.85445620269163
PRC,1988,1391097256.0,69177000.0,1110339.0,1252.858141522544,62.30259407262106
PRC,1989,1449164633.0,70318000.0,1128298.0,1284.381105878057,62.322187932620636
PRC,1990,1825795839.0,68634000.0,1172446.0,1557.2536722373568,58.53915660081573
PRC,1991,1995486690.0,70863000.0,1189184.0,1678.0302207227812,59.58960093644045
PRC,1992,2279168343.0,85856000.0,1204004.0,1892.9906736190246,71.30873319357742
PRC,1993,2595233745.0,129420000.0,1217129.0,2132.2585732490147,106.33219650505411
PRC,1994,2933967773.0,118515000.0,1228992.0,2387.2960710891525,96.43268629901578
PRC,1995,3255214575.0,99944000.0,1239940.0,2625.300075003629,80.60390018871881
PRC,1996,3578404403.0,111934000.0,1249981.0,2862.767036458954,89.5485611381293
PRC,1997,3908718655.0,114721000.0,1259067.0,3104.456438775697,91.11588183948908
PRC,1998,4215068932.0,122939000.0,1267442.0,3325.6503508641817,96.99773244061662
PRC,1999,4538258760.0,136181000.0,1275407.0,3558.282775615941,106.77454334185087
PRC,2000,4923625388.0,138086000.0,1283199.0,3836.9928499009116,107.6107447091215
PRC,2001,5334251341.0,170648000.0,1290938.0,4132.07399658233,132.18915238377056
PRC,2002,5821302945.0,205720000.0,1298647.0,4482.59068476653,158.41102316487851
PRC,2003,6405505799.0,258570000.0,1306344.0,4903.3836409092855,197.9340816813948
PRC,2004,7053180804.0,296580000.0,1314007.0,5367.688911855112,225.7065601629215
PRC,2005,7856945485.0,350170000.0,1321623.0,5944.921876359597,264.95452939302663
PRC,2006,8856308018.0,393400000.0,1329209.0,6662.840845946725,295.9654952682385
PRC,2007,10116683578.0,435860000.0,1336800.0,7567.836309096349,326.0472770795931
PRC,2008,11093377485.0,465480000.0,1344415.0,8251.453223149101,346.2323761636102
PRC,2009,12136134243.0,574420000.0,1352068.0,8975.979198531435,424.8454959365949
PRC,2010,13426950528.0,612063000.0,1359755.0,9874.53660990399,450.1274126588981
PRC,2011,14707404013.0,667941000.0,1367480.0,10755.114526720683,488.4466317606108
PRC,2012,15862856222.0,687609000.0,1375199.0,11534.953284579176,500.0069080911199
PRC,2013,17093438732.0,772340000.0,1382793.0,12361.531141682088,558.5362378895468
PRC,2014,18340860791.0,739980000.0,1390110.0,13193.819763184209,532.3175863780564
PRC,2015,19606417751.0,700351000.0,1397029.0,14034.367039624804,501.3145754311471
PRC,2016,20920047740.0,708637000.0,1403500.0,14905.627174919844,504.90701816886354
PRC,2017,22363531034.0,,1409517.0,15866.09528937927,
PRC,2018,23659612528.0,,1415046.0,16720.03067603456,
PRC,2019,24947921526.0,,1420062.0,17568.191759233046,
PRC,2020,26230105407.0,,1424548.0,18412.931966490425,
PRC,2021,27506861830.0,,1428480.0,19256.035667282707,
PRC,2022,28778357427.0,,1431850.0,20098.723628173342,
PRC,2023,30044823379.0,,1434676.0,20941.887491670594,
PRC,2024,31306912044.0,,1436995.0,21786.375070198574,
PRC,2025,32566129111.0,,1438836.0,22633.662982438582,
PRC,2026,33825345520.0,,1440205.0,23486.479716429258,
PRC,2027,35088933722.0,,1441106.0,24348.613996472155,
PRC,2028,36362312703.0,,1441556.0,25224.34973251126,
PRC,2029,37651695152.0,,1441574.0,26118.461592675783,
PRC,2030,38964095929.0,,1441182.0,27036.207730182585,
PRC,2031,40306889050.0,,1440391.0,27983.29693118049,
PRC,2032,41686988529.0,,1439216.0,28965.067459644695,
PRC,2033,43109576007.0,,1437667.0,29985.786699562555,
PRC,2034,44577044521.0,,1435761.0,31047.677518054887,
PRC,2035,46088498358.0,,1433509.0,32150.825950866023,
PRC,2036,47639385219.0,,1430923.0,33292.76643047879,
PRC,2037,49221380886.0,,1428013.0,34468.44033352638,
PRC,2038,50822941908.0,,1424792.0,35670.42902262225,
PRC,2039,52430130974.0,,1421275.0,36889.50482770752,
PRC,2040,54027947894.0,,1417473.0,38115.680435535636,
PRC,2041,55602066714.0,,1413397.0,39339.31281444633,
PRC,2042,57140385424.0,,1409052.0,40552.36103706605,
PRC,2043,58633474425.0,,1404434.0,41748.82865624159,
PRC,2044,60075231645.0,,1399538.0,42925.045011282295,
PRC,2045,61463049767.0,,1394361.0,44079.72524116782,
PRC,2046,62797983091.0,,1388910.0,45213.860574839266,
PRC,2047,64084442360.0,,1383192.0,46330.836471003306,
PRC,2048,65329425226.0,,1377210.0,47436.06655920303,
PRC,2049,66541967927.0,,1370963.0,48536.662132384314,
PRC,2050,67732040674.0,,1364456.0,49640.326015642866,
ROK,1980,247866534.0,6100000.0,37460.0,6616.83219434063,162.8403630539242
ROK,1981,263187635.0,7480000.0,38055.0,6915.98042307187,196.55761397976613
ROK,1982,282663779.0,7630000.0,38674.0,7308.883978900553,197.29016910585923
ROK,1983,313559609.0,8620000.0,39304.0,7977.804014858539,219.31610014247914
ROK,1984,340063509.0,10120000.0,39921.0,8518.411587886076,253.50066381102678
ROK,1985,364941898.0,10910000.0,40510.0,9008.686694643298,269.31621821772404
ROK,1986,405487945.0,11600000.0,41067.0,9873.8146200112,282.46523973019697
ROK,1987,452009348.0,15048000.0,41594.0,10867.176708179064,361.78294946386495
ROK,1988,501244250.0,15825000.0,42090.0,11908.867902114516,375.9800427655025
ROK,1989,535756378.0,18267000.0,42552.0,12590.627420567776,429.28652002256064
ROK,1990,525457624.0,21478000.0,42923.0,12241.866225566713,500.3844092910561
ROK,1991,579863250.0,26068000.0,43378.0,13367.68062151321,600.9497902162386
ROK,1992,615672738.0,23238000.0,43853.0,14039.46680956833,529.9067338608533
ROK,1993,657826274.0,26710000.0,44341.0,14835.621073047518,602.3770325432444
ROK,1994,718386692.0,32188000.0,44826.0,16026.116361040467,718.0654084682997
ROK,1995,787140638.0,37306000.0,45298.0,17376.940218111176,823.5683694644355
ROK,1996,846920105.0,39400000.0,45757.0,18509.082872565945,861.0704373101383
ROK,1997,897076285.0,39900000.0,46202.0,19416.395069477512,863.5989783992035
ROK,1998,847995274.0,25800000.0,46627.0,18186.786068157933,553.3274712076694
ROK,1999,943891850.0,35200000.0,47023.0,20072.982370329413,748.5698487973971
ROK,2000,1028128780.0,40000000.0,47387.0,21696.43108869521,844.1133644248423
ROK,2001,1074654762.0,39700000.0,47713.0,22523.311508393937,832.0583488776643
ROK,2002,1154527763.0,45400000.0,48004.0,24050.657507707692,945.7545204566286
ROK,2003,1188392578.0,47500000.0,48265.0,24622.243406194964,984.1500051797369
ROK,2004,1246621919.0,49100000.0,48498.0,25704.604705348673,1012.4128830054848
ROK,2005,1295535341.0,49000000.0,48709.0,26597.453057956434,1005.9742552710998
ROK,2006,1362594243.0,52210000.0,48895.0,27867.7624092443,1067.7983433888946
ROK,2007,1437038168.0,57404000.0,49062.0,29290.248420366068,1170.0297582650524
ROK,2008,1477695185.0,61011000.0,49219.0,30022.860785469027,1239.5822751376502
ROK,2009,1488150025.0,47303000.0,49379.0,30137.30583851435,957.9578363271836
ROK,2010,1584832060.0,54573000.0,49552.0,31983.21076848563,1101.3278979657732
ROK,2011,1643180641.0,58741000.0,49745.0,33032.07640968941,1180.8422957081114
ROK,2012,1680848879.0,56322000.0,49953.0,33648.60727083458,1127.4998498588673
ROK,2013,1729529707.0,53919000.0,50169.0,34474.07177739241,1074.7473539436703
ROK,2014,1787321039.0,57834000.0,50386.0,35472.57252014449,1147.8188385662684
ROK,2015,1837191517.0,58125000.0,50594.0,36312.43856979089,1148.8516424872514
ROK,2016,1891008456.0,59520000.0,50791.0,37231.17197928767,1171.861156504105
ROK,2017,1948925666.0,,50982.0,38227.72088187988,
ROK,2018,2013342662.0,,51164.0,39350.7673754984,
ROK,2019,2078130276.0,,51339.0,40478.58890901654,
ROK,2020,2143183904.0,,51507.0,41609.56576775972,
ROK,2021,2208267338.0,,51667.0,42740.38241043606,
ROK,2022,2273136741.0,,51817.0,43868.55165293244,
ROK,2023,2337591253.0,,51959.0,44989.15015685444,
ROK,2024,2401515619.0,,52093.0,46100.5436239034,
ROK,2025,2464833932.0,,52219.0,47201.86008923955,
ROK,2026,2527488781.0,,52338.0,48291.65770568229,
ROK,2027,2589456879.0,,52447.0,49372.831220088854,
ROK,2028,2650728490.0,,52546.0,50445.86628858524,
ROK,2029,2711324850.0,,52631.0,51515.73882312705,
ROK,2030,2771278698.0,,52702.0,52583.93795301886,
ROK,2031,2830634441.0,,52757.0,53654.196428909905,
ROK,2032,2889462983.0,,52798.0,54726.75069131407,
ROK,2033,2947844914.0,,52821.0,55808.19965544007,
ROK,2034,3005866379.0,,52823.0,56904.499536186886,
ROK,2035,3063609306.0,,52806.0,58016.31076014089,
ROK,2036,3121150744.0,,52767.0,59149.67202986715,
ROK,2037,3178570846.0,,52706.0,60307.571168367926,
ROK,2038,3235926536.0,,52626.0,61489.12203093528,
ROK,2039,3293225172.0,,52527.0,62695.85493174939,
ROK,2040,3350439908.0,,52410.0,63927.492997519556,
ROK,2041,3407529375.0,,52276.0,65183.43742826536,
ROK,2042,3464460649.0,,52125.0,66464.47288249401,
ROK,2043,3521198316.0,,51959.0,67768.78531149561,
ROK,2044,3577691327.0,,51779.0,69095.41178856292,
ROK,2045,3633893874.0,,51586.0,70443.41243748304,
ROK,2046,3689785950.0,,51381.0,71812.2642611082,
ROK,2047,3745392658.0,,51165.0,73202.24094595916,
ROK,2048,3800756553.0,,50938.0,74615.34714751266,
ROK,2049,3855904183.0,,50702.0,76050.33692950968,
ROK,2050,3910867882.0,,50457.0,77508.92605584953,
RP,1980,157688155.0,953000.0,47064.0,3350.504738228795,20.249022607513172
RP,1981,163175595.0,957000.0,48399.0,3371.4662493026717,19.773135808591086
RP,1982,169168011.0,1442000.0,49767.0,3399.200494303454,28.975023610022706
RP,1983,172415678.0,1557000.0,51167.0,3369.6655656966404,30.42976918717142
RP,1984,159842795.0,912000.0,52596.0,3039.0675146398967,17.33972165183664
RP,1985,148196079.0,1001000.0,54053.0,2741.680924278023,18.518861117791797
RP,1986,153273535.0,1237000.0,55537.0,2759.8454183697354,22.273439328735797
RP,1987,159879566.0,1624000.0,57047.0,2802.593756025733,28.46775465843953
RP,1988,170661859.0,2112000.0,58572.0,2913.7106296523934,36.05818479819709
RP,1989,181235665.0,2435000.0,60102.0,3015.468120861203,40.514458753452466
RP,1990,261760309.0,2316000.0,61948.0,4225.484422418803,37.38619487311939
RP,1991,260246458.0,2076000.0,63508.0,4097.853152358758,32.68879511242678
RP,1992,261125058.0,2666000.0,65075.0,4012.6785708797543,40.968113714944295
RP,1993,266651266.0,3069000.0,66650.0,4000.769182295574,46.04651162790697
RP,1994,278350919.0,3114000.0,68236.0,4079.2385104636846,45.63573480274342
RP,1995,291374102.0,4686000.0,69836.0,4172.262185692193,67.10006300475399
RP,1996,308407464.0,4992000.0,71446.0,4316.651233099124,69.87095148783696
RP,1997,324399508.0,4601000.0,73065.0,4439.8755628549925,62.97132690070485
RP,1998,322528637.0,3257000.0,74694.0,4317.999263662409,43.60457332583608
RP,1999,332468700.0,3589000.0,76335.0,4355.390056985655,47.01644068906793
RP,2000,347134633.0,3309000.0,77991.0,4450.957584849534,42.42797245836058
RP,2001,357180665.0,3386000.0,79666.0,4483.476828257977,42.502447719227774
RP,2002,370203126.0,4041000.0,81352.0,4550.633371029599,49.67302586291671
RP,2003,388603587.0,3881000.0,83032.0,4680.1665261585895,46.74101551209172
RP,2004,414630792.0,3284000.0,84679.0,4896.50080893728,38.78175226443392
RP,2005,434440474.0,2890000.0,86275.0,5035.5314285714285,33.49753694581281
RP,2006,457218016.0,3675000.0,87809.0,5206.960744342835,41.852201938297895
RP,2007,487470588.0,3950000.0,89293.0,5459.225112830793,44.23639031055066
RP,2008,507714056.0,4134000.0,90752.0,5594.521949929478,45.55271509167842
RP,2009,513544300.0,3993000.0,92221.0,5568.626451675866,43.29816419253749
RP,2010,552739361.0,4650000.0,93727.0,5897.333329776905,49.61217151941276
RP,2011,572968249.0,5940000.0,95278.0,6013.646896450387,62.34387791515355
RP,2012,611264409.0,6986000.0,96866.0,6310.412415088886,72.12024859083682
RP,2013,654444275.0,7796000.0,98481.0,6645.386165859404,79.16247804144962
RP,2014,694661831.0,8517000.0,100102.0,6939.539979221195,85.08321512057701
RP,2015,736803830.0,10186000.0,101716.0,7243.7357937787565,100.14157064768571
RP,2016,787464361.0,11253000.0,103320.0,7621.606281455672,108.91405342624854
RP,2017,840102554.0,,104918.0,8007.229970071866,
RP,2018,883439610.0,,106512.0,8294.273039657503,
RP,2019,929829707.0,,108106.0,8601.092511053965,
RP,2020,979489573.0,,109703.0,8928.557769614323,
RP,2021,1032195558.0,,111303.0,9273.744265653217,
RP,2022,1088467794.0,,112902.0,9640.81941861083,
RP,2023,1148052439.0,,114497.0,10026.921569997467,
RP,2024,1210949686.0,,116086.0,10431.487741846562,
RP,2025,1277063575.0,,117665.0,10853.385246249947,
RP,2026,1345597406.0,,119232.0,11285.539167337627,
RP,2027,1417139493.0,,120789.0,11732.355537341977,
RP,2028,1491768516.0,,122332.0,12194.425955596247,
RP,2029,1569448557.0,,123860.0,12671.149337962215,
RP,2030,1650104419.0,,125372.0,13161.66623328973,
RP,2031,1733122607.0,,126868.0,13660.833362234764,
RP,2032,1819035626.0,,128346.0,14172.904695121,
RP,2033,1907918139.0,,129807.0,14698.11442372137,
RP,2034,1999717837.0,,131247.0,15236.293682903228,
RP,2035,2094608497.0,,132667.0,15788.466589279926,
RP,2036,2191042509.0,,134067.0,16342.892053973013,
RP,2037,2290316706.0,,135445.0,16909.569980434862,
RP,2038,2392428470.0,,136801.0,17488.384368535317,
RP,2039,2497461520.0,,138135.0,18079.86042639447,
RP,2040,2605235720.0,,139448.0,18682.488956456888,
RP,2041,2714859752.0,,140737.0,19290.30569075652,
RP,2042,2827222410.0,,142004.0,19909.456142080504,
RP,2043,2942324096.0,,143248.0,20540.071037641013,
RP,2044,3060223209.0,,144468.0,21182.70626713182,
RP,2045,3180695029.0,,145665.0,21835.684817904094,
RP,2046,3302176887.0,,146837.0,22488.72482412471,
RP,2047,3426215905.0,,147986.0,23152.297548416744,
RP,2048,3552719374.0,,149111.0,23826.00461401238,
RP,2049,3681638591.0,,150213.0,24509.45384886794,
RP,2050,3812881011.0,,151293.0,25201.965794848405,
RUS,1980,1879583249.0,,138655.0,13555.82740615196,
RUS,1981,1919053855.0,,139619.0,13744.933390154634,
RUS,1982,1974523588.0,,140598.0,14043.753026358838,
RUS,1983,2037704922.0,,141594.0,14391.181278867749,
RUS,1984,2066230752.0,,142610.0,14488.680681579131,
RUS,1985,2088957820.0,,143642.0,14542.80656075521,
RUS,1986,2176693970.0,,144696.0,15043.22144357826,
RUS,1987,2204991485.0,,145749.0,15128.690316914695,
RUS,1988,2238062365.0,,146741.0,15251.786242427133,
RUS,1989,2301884485.0,,147591.0,15596.374338543677,
RUS,1990,3224936158.0,,147564.0,21854.49132579762,
RUS,1991,3062175582.0,,148035.0,20685.48371668862,
RUS,1992,2617208589.0,59057000.0,148318.0,17645.926920535607,398.1782386493885
RUS,1993,2390334807.0,39747000.0,148431.0,16104.01335974291,267.7809891464721
RUS,1994,2089875555.0,21037000.0,148412.0,14081.580701021481,141.74729806215132
RUS,1995,2003280967.0,21894000.0,148289.0,13509.30255784313,147.64412734592585
RUS,1996,1931162853.0,19600000.0,148074.0,13041.876717046882,132.36624930777853
RUS,1997,1958199133.0,18600000.0,147769.0,13251.75871123172,125.87213826986715
RUS,1998,1854414579.0,18400000.0,147381.0,12582.453498076415,124.84648631777502
RUS,1999,1973097112.0,21589000.0,146920.0,13429.738034304384,146.94391505581268
RUS,2000,2170406823.0,29412000.0,146396.0,14825.588287931365,200.9071286100713
RUS,2001,2280923596.0,31861000.0,145815.0,15642.585440455372,218.5028975071152
RUS,2002,2389123082.0,29260000.0,145195.0,16454.582334102415,201.52209098109438
RUS,2003,2563430022.0,32700000.0,144585.0,17729.57099284158,226.16453989003008
RUS,2004,2747380458.0,35200000.0,144045.0,19073.070623763408,244.36807941962581
RUS,2005,2922558574.0,36200000.0,143618.0,20349.528429584036,252.05754153379104
RUS,2006,3160847399.0,41520000.0,143323.0,22054.013654472765,289.6953036149118
RUS,2007,3430628260.0,46959000.0,143150.0,23965.269018512052,328.0405169402724
RUS,2008,3610666037.0,40896000.0,143083.0,25234.766093805694,285.820118392821
RUS,2009,3328279998.0,28477000.0,143093.0,23259.55845499081,199.0104337738394
RUS,2010,3478176597.0,41444000.0,143154.0,24296.747537616833,289.5064056889783
RUS,2011,3661994244.0,47981000.0,143264.0,25561.161519991067,334.9131672995309
RUS,2012,3795873150.0,49488000.0,143421.0,26466.648189595668,345.0540715794758
RUS,2013,3863642942.0,49671000.0,143598.0,26905.96625301188,345.90314628337444
RUS,2014,3892179838.0,49423000.0,143761.0,27073.961909001748,343.7858668206259
RUS,2015,3782099620.0,44746000.0,143888.0,26285.024602468588,310.97798287556986
RUS,2016,3773593262.0,43424000.0,143965.0,26211.8797068732,301.62886812766993
RUS,2017,3831919060.0,,143989.0,26612.58193334213,
RUS,2018,3970161309.0,,143965.0,27577.267453895045,
RUS,2019,4100894051.0,,143895.0,28499.211584836165,
RUS,2020,4227123346.0,,143787.0,29398.50852997837,
RUS,2021,4351665391.0,,143636.0,30296.481320838786,
RUS,2022,4476521508.0,,143442.0,31207.885472874055,
RUS,2023,4602990138.0,,143204.0,32142.888033853804,
RUS,2024,4731838474.0,,142925.0,33107.14342487318,
RUS,2025,4863433859.0,,142607.0,34103.7526839496,
RUS,2026,4997824368.0,,142254.0,35133.102534902355,
RUS,2027,5134736241.0,,141866.0,36194.26952899215,
RUS,2028,5273529221.0,,141448.0,37282.458719812224,
RUS,2029,5413199016.0,,141006.0,38389.84877239267,
RUS,2030,5552444156.0,,140544.0,39506.803250227684,
RUS,2031,5689705503.0,,140063.0,40622.47347979124,
RUS,2032,5823179932.0,,139569.0,41722.58833981758,
RUS,2033,5950780590.0,,139068.0,42790.43769954267,
RUS,2034,6070005041.0,,138569.0,43804.92780492029,
RUS,2035,6179099594.0,,138077.0,44751.11418990853,
RUS,2036,6276531456.0,,137595.0,45615.98499945492,
RUS,2037,6361060976.0,,137127.0,46388.09990738513,
RUS,2038,6431949607.0,,136676.0,47059.8320626884,
RUS,2039,6489104044.0,,136244.0,47628.54910307977,
RUS,2040,6533191263.0,,135837.0,48095.81530069127,
RUS,2041,6565698697.0,,135453.0,48472.15415679239,
RUS,2042,6588875855.0,,135094.0,48772.52768442714,
RUS,2043,6605650713.0,,134755.0,49019.70771399948,
RUS,2044,6619515313.0,,134434.0,49239.889559188894,
RUS,2045,6634323157.0,,134128.0,49462.62642401288,
RUS,2046,6654065263.0,,133833.0,49719.16689456263,
RUS,2047,6682588232.0,,133550.0,50038.09982777986,
RUS,2048,6723388366.0,,133274.0,50447.862043609406,
RUS,2049,6779441533.0,,133002.0,50972.478105592396,
RUS,2050,6853000162.0,,132730.0,51631.13208769683,
SIN,1980,43565294.0,1793000.0,2415.0,18039.459213250517,742.4430641821946
SIN,1981,46898900.0,2114000.0,2463.0,19041.372310190825,858.3028826634186
SIN,1982,49221693.0,2561000.0,2520.0,19532.417857142857,1016.2698412698413
SIN,1983,54074169.0,2775000.0,2583.0,20934.637630662022,1074.3321718931475
SIN,1984,59172628.0,2282000.0,2647.0,22354.60068001511,862.1080468454854
SIN,1985,60069938.0,1914000.0,2709.0,22174.2111480251,706.5337763012182
SIN,1986,62218589.0,1937000.0,2767.0,22485.93747741236,700.0361402240694
SIN,1987,69256066.0,2216000.0,2823.0,24532.789939780374,784.9805171803047
SIN,1988,76532623.0,2545000.0,2880.0,26573.827430555557,883.6805555555555
SIN,1989,83719016.0,3021000.0,2944.0,28437.165760869564,1026.1548913043478
SIN,1990,110272033.0,3453000.0,3013.0,36598.749751078656,1146.0338533023564
SIN,1991,117646008.0,3631000.0,3097.0,37987.08685824992,1172.4249273490475
SIN,1992,125984288.0,3399000.0,3189.0,39505.891502038256,1065.8513640639699
SIN,1993,140519583.0,4156000.0,3288.0,42737.09945255474,1263.9902676399026
SIN,1994,155871988.0,4089000.0,3385.0,46047.854652880356,1207.976366322009
SIN,1995,166826743.0,4993000.0,3479.0,47952.498706524864,1435.182523713711
SIN,1996,179392023.0,4872000.0,3566.0,50306.23191250701,1366.236679753225
SIN,1997,194265627.0,5611000.0,3650.0,53223.4594520548,1537.2602739726028
SIN,1998,189942770.0,4820000.0,3732.0,50895.70471596999,1291.5326902465167
SIN,1999,201520171.0,3706000.0,3819.0,52767.785022257136,970.4111023828227
SIN,2000,219450517.0,3730000.0,3914.0,56068.093254982115,952.9892692897291
SIN,2001,217360712.0,3547000.0,4019.0,54083.282408559346,882.5578502114954
SIN,2002,226515264.0,3781000.0,4131.0,54833.034132171386,915.2747518760591
SIN,2003,236561959.0,3645000.0,4249.0,55674.7373499647,857.8489056248529
SIN,2004,259151676.0,3996000.0,4370.0,59302.44302059497,914.4164759725401
SIN,2005,278559953.0,3440000.0,4491.0,62026.264306390556,765.9763972389223
SIN,2006,303240911.0,3000000.0,4612.0,65750.4143538595,650.4770164787511
SIN,2007,330870789.0,3800000.0,4732.0,69921.97569737954,803.0431107354184
SIN,2008,336785502.0,4226000.0,4851.0,69425.99505256648,871.1605854462997
SIN,2009,334753377.0,3540000.0,4966.0,67409.0569875151,712.8473620620217
SIN,2010,385771054.0,3350000.0,5074.0,76028.98186834845,660.228616476153
SIN,2011,410270113.0,4900000.0,5176.0,79263.932187017,946.6769706336939
SIN,2012,427022663.0,4782000.0,5271.0,81013.59571238855,907.2282299373933
SIN,2013,448848164.0,5345000.0,5361.0,83724.70882298079,997.0154821861593
SIN,2014,466280921.0,4791000.0,5448.0,85587.54056534509,879.4052863436124
SIN,2015,476730547.0,5019000.0,5535.0,86130.18012646794,906.7750677506775
SIN,2016,488157880.0,3540000.0,5623.0,86814.49048550596,629.557175884759
SIN,2017,505822080.0,,5709.0,88600.81975827641,
SIN,2018,527087518.0,,5792.0,91002.67921270718,
SIN,2019,548996855.0,,5868.0,93557.74625085208,
SIN,2020,570767354.0,,5935.0,96169.73108677338,
SIN,2021,592633177.0,,5991.0,98920.57703221499,
SIN,2022,614391089.0,,6040.0,101720.37897350993,
SIN,2023,636166049.0,,6081.0,104615.3673737872,
SIN,2024,658110871.0,,6119.0,107552.02990684753,
SIN,2025,680301410.0,,6157.0,110492.35179470522,
SIN,2026,702718125.0,,6196.0,113414.80390574565,
SIN,2027,725193852.0,,6234.0,116328.81809432147,
SIN,2028,747750054.0,,6273.0,119201.34768053563,
SIN,2029,770432582.0,,6308.0,122135.79296131896,
SIN,2030,793250941.0,,6342.0,125078.98785871964,
SIN,2031,815107528.0,,6374.0,127880.06401004079,
SIN,2032,837079274.0,,6403.0,130732.35577073247,
SIN,2033,859222549.0,,6431.0,133606.3674389675,
SIN,2034,881486976.0,,6456.0,136537.63568773234,
SIN,2035,903975793.0,,6480.0,139502.437191358,
SIN,2036,927446501.0,,6501.0,142662.12905706814,
SIN,2037,951280436.0,,6520.0,145901.90736196318,
SIN,2038,975362265.0,,6536.0,149229.23271113832,
SIN,2039,999646305.0,,6551.0,152594.45962448482,
SIN,2040,1024097294.0,,6563.0,156041.03214993145,
SIN,2041,1048308222.0,,6573.0,159487.02601551803,
SIN,2042,1072518765.0,,6581.0,162972.0050144355,
SIN,2043,1096849594.0,,6587.0,166517.3210869895,
SIN,2044,1121332634.0,,6590.0,170156.69711684372,
SIN,2045,1146133994.0,,6592.0,173867.4141383495,
SIN,2046,1171355261.0,,6592.0,177693.45585558252,
SIN,2047,1197216295.0,,6591.0,181644.10483993325,
SIN,2048,1223451954.0,,6587.0,185737.354486109,
SIN,2049,1249956195.0,,6581.0,189934.08220635162,
SIN,2050,1276627451.0,,6575.0,194163.87087452473,
THA,1980,126156764.0,1974000.0,47483.0,2656.8827580397196,41.57277341364278
THA,1981,133677480.0,1839000.0,48460.0,2758.5117622781677,37.948823772183246
THA,1982,140922646.0,2430000.0,49423.0,2851.357586548773,49.16739170022055
THA,1983,148898835.0,2901000.0,50380.0,2955.5147876141327,57.582373957919806
THA,1984,157578837.0,2417000.0,51346.0,3068.96032797102,47.072800218127995
THA,1985,165016085.0,2907000.0,52329.0,3153.4347111544266,55.55237057845554
THA,1986,174259678.0,2135000.0,53340.0,3266.9605924259467,40.026246719160106
THA,1987,190962300.0,3109000.0,54369.0,3512.337913149037,57.183321377991135
THA,1988,216460950.0,4094000.0,55371.0,3909.2837405862274,73.9376207762186
THA,1989,242983592.0,5083000.0,56285.0,4317.022155103491,90.30825264280004
THA,1990,396505938.0,6783000.0,56583.0,7007.50999416786,119.87699485711256
THA,1991,430439948.0,7114000.0,57258.0,7517.55122428307,124.24464703622202
THA,1992,465234079.0,8568000.0,57838.0,8043.744233894671,148.13790241709603
THA,1993,503620744.0,8055000.0,58365.0,8628.81425511865,138.0107941403238
THA,1994,543894815.0,11375000.0,58901.0,9234.050610346174,193.1206600906606
THA,1995,588060498.0,11958000.0,59491.0,9884.86490393505,201.00519406296752
THA,1996,621299877.0,9684000.0,60152.0,10328.83157667243,160.99215321186327
THA,1997,604191822.0,8366000.0,60863.0,9927.079210686295,137.45625421027555
THA,1998,558069428.0,4187000.0,61598.0,9059.862787752849,67.9729861359135
THA,1999,583586027.0,6909000.0,62307.0,9366.299565056896,110.88641725648803
THA,2000,609588730.0,7177000.0,62958.0,9682.466565011595,113.99663267575208
THA,2001,630584452.0,8178000.0,63543.0,9923.743795540027,128.7002502242576
THA,2002,669358332.0,10806000.0,64073.0,10446.808047071308,168.65138201738642
THA,2003,717480711.0,11896000.0,64555.0,11114.254682054063,184.27697312369298
THA,2004,762605143.0,14144000.0,65002.0,11732.025829974462,217.59330482139012
THA,2005,794541787.0,15273000.0,65425.0,12144.314665647687,233.4428735192969
THA,2006,834013962.0,15360000.0,65824.0,12670.362815994165,233.3495381623724
THA,2007,879343393.0,14160000.0,66196.0,13283.935479485166,213.9102060547465
THA,2008,894517940.0,15655000.0,66546.0,13442.099299732516,235.25080395515883
THA,2009,888339206.0,12501000.0,66881.0,13282.385221512835,186.9140712608962
THA,2010,955085378.0,16378000.0,67209.0,14210.676814117156,243.68760136291272
THA,2011,963107708.0,16881000.0,67530.0,14261.923707981638,249.97778764993336
THA,2012,1032863544.0,19047000.0,67844.0,15224.095631153823,280.7470078415188
THA,2013,1060620512.0,20732000.0,68143.0,15564.628971427734,304.24254875775944
THA,2014,1071061409.0,20544000.0,68417.0,15654.901691100165,300.27624713156087
THA,2015,1103409327.0,19403000.0,68657.0,16071.330337765996,282.6077457506154
THA,2016,1139630759.0,22340000.0,68864.0,16549.00614254182,324.4075278810409
THA,2017,1184110263.0,,69038.0,17151.572510791157,
THA,2018,1226986583.0,,69184.0,17735.120591466235,
THA,2019,1271764010.0,,69306.0,18349.984272645946,
THA,2020,1318616112.0,,69411.0,18997.221074469464,
THA,2021,1368016320.0,,69498.0,19684.25451092118,
THA,2022,1419641224.0,,69568.0,20406.526333946644,
THA,2023,1473635212.0,,69620.0,21166.837288135594,
THA,2024,1529900194.0,,69660.0,21962.39153028998,
THA,2025,1588612084.0,,69685.0,22797.045045562172,
THA,2026,1649893673.0,,69699.0,23671.697915321598,
THA,2027,1713549542.0,,69701.0,24584.289206754565,
THA,2028,1779582944.0,,69690.0,25535.70015784187,
THA,2029,1847832012.0,,69665.0,26524.539036819064,
THA,2030,1918306719.0,,69626.0,27551.585887455836,
THA,2031,1991210797.0,,69572.0,28620.864672569423,
THA,2032,2066292733.0,,69504.0,29729.119662177716,
THA,2033,2143526174.0,,69419.0,30878.090638009766,
THA,2034,2222858561.0,,69318.0,32067.551876857382,
THA,2035,2304296700.0,,69200.0,33299.08526011561,
THA,2036,2388871342.0,,69063.0,34589.74185888247,
THA,2037,2475636146.0,,68908.0,35926.68697393627,
THA,2038,2564705606.0,,68737.0,37311.86414885724,
THA,2039,2655836453.0,,68546.0,38745.31632772153,
THA,2040,2749159425.0,,68339.0,40228.26533897189,
THA,2041,2844307969.0,,68113.0,41758.66529150089,
THA,2042,2941518354.0,,67872.0,43339.202528288544,
THA,2043,3041043141.0,,67613.0,44977.19582033041,
THA,2044,3142837947.0,,67337.0,46673.26948037483,
THA,2045,3246862848.0,,67046.0,48427.390865972615,
THA,2046,3353241131.0,,66739.0,50244.102114206085,
THA,2047,3462032920.0,,66417.0,52125.70456359065,
THA,2048,3573490528.0,,66081.0,54077.42812608768,
THA,2049,3687566327.0,,65733.0,56099.163692513655,
THA,2050,3804488729.0,,65372.0,58197.52690754452,
USA,1980,6997861906.0,114015000.0,229825.0,30448.65400195801,496.0948547808115
USA,1981,7173945105.0,128523000.0,232035.0,30917.512896761265,553.8948865472881
USA,1982,7031989622.0,83934000.0,234261.0,30017.756357225488,358.29267355641787
USA,1983,7352585554.0,94011000.0,236511.0,31087.710736498513,397.4910257873841
USA,1984,7889088776.0,111152000.0,238794.0,33037.2152399139,465.4723318006315
USA,1985,8220310084.0,105095000.0,241120.0,34092.1951061712,435.86181154611813
USA,1986,8506837494.0,94872000.0,243496.0,34936.25149489108,389.6244702171699
USA,1987,8784795509.0,100518000.0,245921.0,35722.02255602409,408.7410184571468
USA,1988,9152991387.0,110295000.0,248382.0,36850.461736357705,444.05391695050366
USA,1989,9483806486.0,101986000.0,250858.0,37805.47754506533,406.5487247765668
USA,1990,9748318567.0,103052000.0,252530.0,38602.61579614303,408.0782481289352
USA,1991,9741096571.0,89599000.0,254975.0,38204.12421217767,351.40307873320916
USA,1992,10087431143.0,97372000.0,257455.0,39181.33709968733,378.209784234138
USA,1993,10364417549.0,104356000.0,260020.0,39860.078259364665,401.33835858780094
USA,1994,10782895773.0,117471000.0,262741.0,41040.019536349486,447.09809279861156
USA,1995,11076080098.0,112583000.0,265659.0,41692.84721390956,423.78763753533667
USA,1996,11496514943.0,119867000.0,268803.0,42769.295517535145,445.92880287794407
USA,1997,12012366615.0,124017000.0,272137.0,44140.87983258432,455.7153198572778
USA,1998,12546906234.0,135145000.0,275543.0,45535.202251554205,490.4679124492366
USA,1999,13134753835.0,127857000.0,278862.0,47101.26813621074,458.4955999741808
USA,2000,13672251138.0,133262000.0,281982.0,48486.25493116582,472.59044903575403
USA,2001,13805689826.0,114386000.0,284852.0,48466.18533835114,401.5629168831534
USA,2002,14052277074.0,118257000.0,287507.0,48876.29544324138,411.31868093646415
USA,2003,14446693008.0,105767000.0,290027.0,49811.54515958859,364.67984015281337
USA,2004,14993607656.0,123822000.0,292539.0,51253.36333275221,423.26664137089415
USA,2005,15495176228.0,113265000.0,295130.0,52502.884247619695,383.7800291397011
USA,2006,15908374599.0,134040000.0,297827.0,53414.81665194895,450.0599341228297
USA,2007,16191316215.0,120381000.0,300595.0,53864.22334037492,400.4757231490876
USA,2008,16144098863.0,110500000.0,303374.0,53215.1696025368,364.23688252783694
USA,2009,15696014624.0,69400000.0,306076.0,51281.428873874465,226.74107084514958
USA,2010,16093425254.0,92400000.0,308642.0,52142.693651544505,299.3759760499219
USA,2011,16351154165.0,101000000.0,311052.0,52567.26902575775,324.70455100754856
USA,2012,16714808879.0,108300000.0,313336.0,53344.68072293002,345.63535629484005
USA,2013,16995171638.0,106300000.0,315536.0,53861.27617134019,336.88707469195276
USA,2014,17431810499.0,121600000.0,317719.0,54865.495922497554,382.72813398002637
USA,2015,17930636927.0,108333000.0,319929.0,56045.67553113347,338.61575537072287
USA,2016,18196956946.0,102570000.0,322179.0,56480.890889846945,318.36339426219587
USA,2017,18610635383.0,,324459.0,57358.974116914615,
USA,2018,19124824557.0,,326767.0,58527.405022538995,
USA,2019,19629753518.0,,329093.0,59648.043312984475,
USA,2020,20133209032.0,,331432.0,60746.1229814864,
USA,2021,20639388992.0,,333784.0,61834.56664190015,
USA,2022,21150427784.0,,336150.0,62919.61262531608,
USA,2023,21667511159.0,,338524.0,64005.8346202928,
USA,2024,22191525582.0,,340895.0,65097.832417606594,
USA,2025,22723298420.0,,343256.0,66199.27523481016,
USA,2026,23263858108.0,,345602.0,67314.014698989,
USA,2027,23814335904.0,,347930.0,68445.76755094416,
USA,2028,24375097729.0,,350230.0,69597.40093367216,
USA,2029,24942329790.0,,352494.0,70759.58680147748,
USA,2030,25510844731.0,,354712.0,71919.8807229527,
USA,2031,26080027713.0,,356880.0,73077.86290349698,
USA,2032,26649525333.0,,358997.0,74233.28142853561,
USA,2033,27218948086.0,,361061.0,75386.00980443748,
USA,2034,27787665911.0,,363074.0,76534.44176944645,
USA,2035,28355032678.0,,365034.0,77677.78529671209,
USA,2036,28920562213.0,,366942.0,78815.07762262155,
USA,2037,29484044064.0,,368797.0,79946.53986881672,
USA,2038,30045410866.0,,370602.0,81071.90696758247,
USA,2039,30604507656.0,,372358.0,82191.08399980664,
USA,2040,31161256121.0,,374069.0,83303.49780655441,
USA,2041,31715955028.0,,375735.0,84410.4356208498,
USA,2042,32269294086.0,,377360.0,85513.2872747509,
USA,2043,32821922065.0,,378950.0,86612.8039715002,
USA,2044,33374286046.0,,380515.0,87708.20084884959,
USA,2045,33926657203.0,,382059.0,88799.52364163651,
USA,2046,34479353203.0,,383588.0,89886.42294075935,
USA,2047,35032786923.0,,385103.0,90969.9143423967,
USA,2048,35587155727.0,,386607.0,92049.95182963579,
USA,2049,36142430310.0,,388103.0,93125.87202366382,
USA,2050,36698375432.0,,389592.0,94196.94303784471,
VN,1980,40940308.0,,54023.0,757.8310719508357,
VN,1981,43313748.0,,55109.0,785.9650510805858,
VN,1982,46843380.0,,56317.0,831.780457055596,
VN,1983,50166230.0,,57617.0,870.6845201936928,
VN,1984,55573162.0,,58959.0,942.573008361743,
VN,1985,57828271.0,,60307.0,958.8981544430994,
VN,1986,59369592.0,,61648.0,963.0416558525824,
VN,1987,61305758.0,306000.0,62987.0,973.3081111975487,4.858145331576357
VN,1988,64257184.0,126000.0,64333.0,998.8215068471858,1.958559370773942
VN,1989,68814062.0,194000.0,65703.0,1047.350379739129,2.9526810039115414
VN,1990,104421340.0,215000.0,68210.0,1530.8802228412255,3.1520304940624544
VN,1991,110645733.0,263000.0,69670.0,1588.1402755849003,3.7749389981340604
VN,1992,120212216.0,485000.0,71130.0,1690.0353718543513,6.818501335582736
VN,1993,129916624.0,899000.0,72561.0,1790.4469894295835,12.389575667369524
VN,1994,141399930.0,552000.0,73925.0,1912.7484612783226,7.467027392627664
VN,1995,154890162.0,752000.0,75199.0,2059.7369911833935,10.000132980491761
VN,1996,169356931.0,1703000.0,76373.0,2217.4974271012006,22.29845626072041
VN,1997,183163050.0,1720000.0,77454.0,2364.7978154775737,22.20672915536964
VN,1998,193721403.0,2123000.0,78453.0,2469.2669878780926,27.060787987712388
VN,1999,202968862.0,2538000.0,79391.0,2556.572684561222,31.968359133906866
VN,2000,216745001.0,2934000.0,80285.0,2699.694849598306,36.54480911751884
VN,2001,230167788.0,4036000.0,81140.0,2836.674735025881,49.741188070002465
VN,2002,244716281.0,5234000.0,81956.0,2985.9471057640685,63.86353653179755
VN,2003,261599413.0,5230000.0,82748.0,3161.3986199062215,63.20394450621163
VN,2004,281314619.0,6212000.0,83528.0,3367.907994923858,74.37027104683459
VN,2005,302546130.0,7653000.0,84309.0,3588.5389460199976,90.7732270576095
VN,2006,323657662.0,7148000.0,85095.0,3803.48624478524,84.00023503143545
VN,2007,346732850.0,10833000.0,85889.0,4036.987856419332,126.12790927825449
VN,2008,366364071.0,9516000.0,86707.0,4225.311347411397,109.74892453896456
VN,2009,386140028.0,12700000.0,87565.0,4409.753074858676,145.03511677039913
VN,2010,410942722.0,12293000.0,88472.0,4644.890157337914,138.94791572474907
VN,2011,436586792.0,11276000.0,89437.0,4881.500855350694,126.0775741583461
VN,2012,459496104.0,12740000.0,90452.0,5079.9993808871,140.8481846725335
VN,2013,484409445.0,13685000.0,91497.0,5294.265877569756,149.56774539055925
VN,2014,513394833.0,16226000.0,92545.0,5547.515619428386,175.33092009292776
VN,2015,547685956.0,20510000.0,93572.0,5853.096610097037,219.1895011328175
VN,2016,581701700.0,25088000.0,94569.0,6151.082278547939,265.28777929342596
VN,2017,621328648.0,,95540.0,6503.335231316726,
VN,2018,652687294.0,,96491.0,6764.229762361257,
VN,2019,685763561.0,,97429.0,7038.597963645321,
VN,2020,720781018.0,,98360.0,7327.98920292802,
VN,2021,757623258.0,,99284.0,7630.869606381693,
VN,2022,796574601.0,,100195.0,7950.243036079644,
VN,2023,837478655.0,,101084.0,8284.977395037791,
VN,2024,880373555.0,,101943.0,8635.9392503654,
VN,2025,925207392.0,,102764.0,9003.22478689035,
VN,2026,972626941.0,,103543.0,9393.45915223627,
VN,2027,1022181442.0,,104284.0,9801.90098193395,
VN,2028,1073836905.0,,104986.0,10228.381927114091,
VN,2029,1127696005.0,,105652.0,10673.68346079582,
VN,2030,1183770150.0,,106284.0,11137.802021000338,
VN,2031,1242320367.0,,106881.0,11623.397675919949,
VN,2032,1303166447.0,,107445.0,12128.68394992787,
VN,2033,1366292796.0,,107981.0,12653.08522795677,
VN,2034,1431658590.0,,108494.0,13195.739764410935,
VN,2035,1499128156.0,,108989.0,13754.85742597877,
VN,2036,1568950797.0,,109466.0,14332.768138051997,
VN,2037,1641056954.0,,109928.0,14928.470944618295,
VN,2038,1715334213.0,,110375.0,15540.966822197055,
VN,2039,1791710292.0,,110808.0,16169.503032272038,
VN,2040,1870062523.0,,111229.0,16812.724406404803,
VN,2041,1949720410.0,,111638.0,17464.666242677224,
VN,2042,2031345505.0,,112037.0,18131.023724305363,
VN,2043,2114859365.0,,112421.0,18811.960087528132,
VN,2044,2199947176.0,,112791.0,19504.634022218084,
VN,2045,2286707814.0,,113145.0,20210.41861328384,
VN,2046,2374391455.0,,113481.0,20923.251072866824,
VN,2047,2463571507.0,,113800.0,21648.255773286466,
VN,2048,2554307334.0,,114099.0,22386.76354744564,
VN,2049,2646882824.0,,114376.0,23141.94257536546,
VN,2050,2741544993.0,,114630.0,23916.47032190526,
