Economy,Year,GDP,SteelProduction,Population,SteelProductionperCapita,GDPperCapita
01_AUS,1980.0,347420465.0,6271000.0,14710.0,426.3086335825969,23617.978585995923
01_AUS,1981.0,358188872.0,6683000.0,14902.0,448.46329351764865,24036.29526238089
01_AUS,1982.0,368749588.0,5850000.0,15110.0,387.1608206485771,24404.34070152217
01_AUS,1983.0,360991765.0,4811000.0,15333.0,313.7676906019696,23543.45300984804
01_AUS,1984.0,379601300.0,6054000.0,15568.0,388.87461459403903,24383.433967112025
01_AUS,1985.0,399582173.0,5740000.0,15812.0,363.0154313179863,25270.817923096383
01_AUS,1986.0,417731196.0,5925000.0,16066.0,368.79123615087764,26000.94584837545
01_AUS,1987.0,429187886.0,5441000.0,16330.0,333.1904470300061,26282.17305572566
01_AUS,1988.0,453331010.0,6419000.0,16596.0,386.77994697517477,27315.679079296217
01_AUS,1989.0,470383417.0,6831000.0,16854.0,405.3043787824849,27909.30443811558
01_AUS,1990.0,515317626.0,5511000.0,17042.0,323.37753784767045,30238.095646050933
01_AUS,1991.0,513320531.0,5294000.0,17272.0,306.5076424270496,29719.80841824919
01_AUS,1992.0,515592569.0,5120000.0,17486.0,292.8056731099165,29486.021331350796
01_AUS,1993.0,536417759.0,5757000.0,17688.0,325.47489823609226,30326.648518769787
01_AUS,1994.0,557759322.0,6326000.0,17883.0,353.7437790079964,31189.359838953194
01_AUS,1995.0,579117983.0,6256000.0,18077.0,346.07512308458263,32036.177629031365
01_AUS,1996.0,601579834.0,6400000.0,18272.0,350.2626970227671,32923.589864273206
01_AUS,1997.0,625441020.0,6500000.0,18468.0,351.9601472817847,33866.202079272254
01_AUS,1998.0,654065825.0,6600000.0,18665.0,353.60300026788104,35042.36940798286
01_AUS,1999.0,686887267.0,6600000.0,18864.0,349.8727735368957,36412.59897158609
01_AUS,2000.0,713972531.0,6100000.0,19066.0,319.94125668729674,37447.42111612294
01_AUS,2001.0,727774374.0,6000000.0,19269.0,311.3809746224506,37769.18231356064
01_AUS,2002.0,756907345.0,6800000.0,19475.0,349.1655969191271,38865.588960205394
01_AUS,2003.0,779506667.0,7000000.0,19697.0,355.3840686398944,39574.89297862619
01_AUS,2004.0,810695552.0,7500000.0,19949.0,375.9586946714121,40638.40553411198
01_AUS,2005.0,836559304.0,7400000.0,20239.0,365.6307129798903,41334.02361776768
01_AUS,2006.0,860269340.0,7420000.0,20573.0,360.6668935011909,41815.45423613474
01_AUS,2007.0,892764544.0,8126000.0,20947.0,387.93144603045783,42620.162505370696
01_AUS,2008.0,925419788.0,8224000.0,21343.0,385.325399428384,43359.40533195896
01_AUS,2009.0,943213087.0,5916000.0,21739.0,272.13763282579697,43388.062330373985
01_AUS,2010.0,962576705.0,7716000.0,22120.0,348.8245931283906,43516.12590415913
01_AUS,2011.0,986170471.0,6672000.0,22480.0,296.79715302491104,43868.79319395018
01_AUS,2012.0,1024551635.0,7152000.0,22822.0,313.38182455525373,44893.15726053808
01_AUS,2013.0,1051594494.0,6376000.0,23151.0,275.40926957798797,45423.28599196579
01_AUS,2014.0,1078497831.0,7142000.0,23474.0,304.25151231149357,45944.35677771151
01_AUS,2015.0,1103854786.0,6968000.0,23800.0,292.7731092436975,46380.45319327731
01_AUS,2016.0,1135064189.0,6478000.0,24125.0,268.5181347150259,47049.292808290156
,,,,,,
,,,,,,
,,,,,,
,,,,,,
,,,,,,
,,,,,,
,,,,,,
,,,,,,
,,,,,,
,,,,,,
,,,,,,
,,,,,,
,,,,,,
,,,,,,
,,,,,,
,,,,,,
,,,,,,
,,,,,,
,,,,,,
,,,,,,
,,,,,,
,,,,,,
,,,,,,
,,,,,,
,,,,,,
,,,,,,
,,,,,,
,,,,,,
,,,,,,
,,,,,,
,,,,,,
,,,,,,
,,,,,,
,,,,,,
,,,,,,
,,,,,,
,,,,,,
03_CDA,1980.0,675111424.0,13306000.0,24516.0,542.7475934083864,27537.58459781367
03_CDA,1981.0,697284324.0,14118000.0,24770.0,569.963665724667,28150.35623738393
03_CDA,1982.0,675883914.0,9418000.0,25016.0,376.47905340582025,27018.064998401023
03_CDA,1983.0,694219534.0,10771000.0,25267.0,426.2872521470693,27475.344678830093
03_CDA,1984.0,735383384.0,13089000.0,25539.0,512.5102783977446,28794.525392536903
03_CDA,1985.0,772485749.0,13185000.0,25843.0,510.1961846534845,29891.48895252099
03_CDA,1986.0,793596223.0,12539000.0,26183.0,478.8985219417179,30309.598709086047
03_CDA,1987.0,828151423.0,13395000.0,26555.0,504.42477876106193,31186.27087177556
03_CDA,1988.0,870763088.0,15244000.0,26943.0,565.7870318821215,32318.713135137143
03_CDA,1989.0,890380142.0,13985000.0,27330.0,511.70874496889866,32578.856275155507
03_CDA,1990.0,916554841.0,11222000.0,27692.0,405.24339159323995,33098.18146034956
03_CDA,1991.0,897071706.0,10688000.0,28045.0,381.10180067748263,31986.867748261724
03_CDA,1992.0,904992634.0,11160000.0,28385.0,393.1654042628149,31882.77731196054
03_CDA,1993.0,929022323.0,12714000.0,28711.0,442.82679112535266,32357.713872731707
03_CDA,1994.0,970767705.0,15324000.0,29027.0,527.9222792572433,33443.61129293416
03_CDA,1995.0,996762034.0,15047000.0,29330.0,513.0242072962836,33984.3857483805
03_CDA,1996.0,1012820349.0,15300000.0,29622.0,516.5080008102086,34191.491087705086
03_CDA,1997.0,1056167160.0,17700000.0,29903.0,591.9138547971776,35319.77259806708
03_CDA,1998.0,1097165026.0,18200000.0,30178.0,603.0883425011598,36356.452581350655
03_CDA,1999.0,1153813970.0,18200000.0,30454.0,597.6226439876535,37887.10744073028
03_CDA,2000.0,1213612575.0,19800000.0,30736.0,644.1957313899011,39485.05254424779
03_CDA,2001.0,1235103458.0,16900000.0,31025.0,544.7219983883964,39809.94224012893
03_CDA,2002.0,1272280273.0,17671000.0,31321.0,564.1901599565787,40620.67855432457
03_CDA,2003.0,1295210241.0,17233000.0,31628.0,544.8653092196788,40951.379821676994
03_CDA,2004.0,1335179927.0,19314000.0,31950.0,604.5070422535211,41789.669076682316
03_CDA,2005.0,1377924138.0,18014000.0,32288.0,557.9162537165511,42676.04490832507
03_CDA,2006.0,1414072774.0,20130000.0,32646.0,616.6145929057159,43315.34564724622
03_CDA,2007.0,1443241528.0,18248000.0,33020.0,552.6347668079951,43708.10199878861
03_CDA,2008.0,1457679153.0,16799000.0,33405.0,502.88878910342765,43636.55599461158
03_CDA,2009.0,1414683628.0,10591000.0,33790.0,313.4359277892868,41866.93187333531
03_CDA,2010.0,1458305599.0,15656000.0,34168.0,458.20650901428235,42680.4495141653
03_CDA,2011.0,1504114172.0,15746000.0,34539.0,455.8904426879759,43548.283737224585
03_CDA,2012.0,1530368068.0,17305000.0,34901.0,495.83106501246385,43848.831494799575
03_CDA,2013.0,1568244706.0,16445000.0,35256.0,466.4454277286136,44481.64017472203
03_CDA,2014.0,1613029685.0,17527000.0,35605.0,492.2623227074849,45303.45976688667
03_CDA,2015.0,1629174217.0,14827000.0,35949.0,412.4454087735403,45319.04133633759
03_CDA,2016.0,1652212414.0,16717000.0,36290.0,460.6503168917057,45528.035657205844
04_CHL,1980.0,75244937.0,809000.0,11179.0,72.36783254316128,6730.9184184631895
04_CHL,1981.0,78802560.0,724000.0,11348.0,63.79978850898837,6944.180472329926
04_CHL,1982.0,70661595.0,334000.0,11527.0,28.97544894595298,6130.094126832654
04_CHL,1983.0,67980359.0,462000.0,11714.0,39.43998634113027,5803.342922998122
04_CHL,1984.0,73394748.0,628000.0,11908.0,52.737655357742696,6163.482364796775
04_CHL,1985.0,78613636.0,570000.0,12107.0,47.08020153630131,6493.23829189725
04_CHL,1986.0,83006566.0,632000.0,12311.0,51.336203395337506,6742.47144829827
04_CHL,1987.0,88473325.0,818000.0,12519.0,65.34068216311206,7067.123971563224
04_CHL,1988.0,94934831.0,1026000.0,12733.0,80.57802560276447,7455.810178276918
04_CHL,1989.0,104953436.0,1008000.0,12956.0,77.80179067613462,8100.759184933621
04_CHL,1990.0,125464694.0,930000.0,13242.0,70.23108291798822,9474.754115692494
04_CHL,1991.0,135256451.0,1131000.0,13457.0,84.0454781897897,10051.01070075054
04_CHL,1992.0,150360144.0,1440000.0,13671.0,105.33245556287031,10998.474434935264
04_CHL,1993.0,160267049.0,1607000.0,13883.0,115.75307930562559,11544.122235827992
04_CHL,1994.0,168328798.0,1549000.0,14091.0,109.92832304307714,11945.83762685402
04_CHL,1995.0,183366108.0,1683000.0,14297.0,117.71700356718192,12825.49541861929
04_CHL,1996.0,195840351.0,2159000.0,14498.0,148.9170920126914,13508.09428886743
04_CHL,1997.0,210387157.0,2321000.0,14695.0,157.94487921061585,14316.921197686288
04_CHL,1998.0,219485517.0,2214000.0,14887.0,148.72036004567744,14743.43501041177
04_CHL,1999.0,218581025.0,1737000.0,15077.0,115.20859587451085,14497.647078331232
04_CHL,2000.0,230224702.0,1977000.0,15263.0,129.52892616130512,15083.84341217323
04_CHL,2001.0,237829133.0,2278000.0,15445.0,147.49109744253803,15398.45471026222
04_CHL,2002.0,245218414.0,2270000.0,15623.0,145.29859822057225,15695.98758241055
04_CHL,2003.0,255250416.0,2290000.0,15800.0,144.9367088607595,16155.089620253164
04_CHL,2004.0,273652796.0,2690000.0,15974.0,168.39864780267936,17131.137849004634
04_CHL,2005.0,289368212.0,2840000.0,16147.0,175.8840651514213,17920.86530005574
04_CHL,2006.0,307648113.0,2770000.0,16319.0,169.74079294074392,18852.142471965195
04_CHL,2007.0,322739251.0,2765000.0,16491.0,167.66721241889516,19570.629494875993
04_CHL,2008.0,334130431.0,3005000.0,16661.0,180.36132284976892,20054.644439109295
04_CHL,2009.0,328903831.0,1960000.0,16829.0,116.46562481430864,19543.87254144631
04_CHL,2010.0,348125554.0,2738000.0,16993.0,161.12516918731242,20486.40934502442
04_CHL,2011.0,369399224.0,3148000.0,17153.0,183.52474785751764,21535.546201830584
04_CHL,2012.0,389046195.0,3457000.0,17310.0,199.7111496244945,22475.227902946273
04_CHL,2013.0,404783130.0,3105000.0,17463.0,177.80450094485482,23179.47259920976
04_CHL,2014.0,411934595.0,3031000.0,17614.0,172.0790280458726,23386.771602134664
04_CHL,2015.0,421430747.0,3215000.0,17763.0,180.99420142993864,23725.201092157855
04_CHL,2016.0,426765502.0,3172000.0,17910.0,177.107761027359,23828.33623673925
05_PRC,1980.0,614872138.0,43111000.0,983171.0,43.84893370532695,625.3969431563787
05_PRC,1981.0,647379391.0,39422000.0,996668.0,39.55379323907259,649.5436705101398
05_PRC,1982.0,705677085.0,41152000.0,1010575.0,40.721371496425306,698.2926403285259
05_PRC,1983.0,782448850.0,50389000.0,1025090.0,49.15568389117053,763.2977104449366
05_PRC,1984.0,902916289.0,56067000.0,1040398.0,53.889953652352276,867.856617371429
05_PRC,1985.0,1026672990.0,71528000.0,1056579.0,67.69773012713674,971.6954340375873
05_PRC,1986.0,1118457432.0,75716000.0,1073792.0,70.5127249970199,1041.595981344618
05_PRC,1987.0,1249061845.0,69723000.0,1091905.0,63.85445620269163,1143.9290460250663
05_PRC,1988.0,1391097256.0,69177000.0,1110339.0,62.30259407262106,1252.858141522544
05_PRC,1989.0,1449164633.0,70318000.0,1128298.0,62.322187932620636,1284.381105878057
05_PRC,1990.0,1825795839.0,68634000.0,1172446.0,58.53915660081573,1557.2536722373568
05_PRC,1991.0,1995486690.0,70863000.0,1189184.0,59.58960093644045,1678.0302207227812
05_PRC,1992.0,2279168343.0,85856000.0,1204004.0,71.30873319357742,1892.9906736190246
05_PRC,1993.0,2595233745.0,129420000.0,1217129.0,106.33219650505411,2132.2585732490147
05_PRC,1994.0,2933967773.0,118515000.0,1228992.0,96.43268629901578,2387.2960710891525
05_PRC,1995.0,3255214575.0,99944000.0,1239940.0,80.60390018871881,2625.300075003629
05_PRC,1996.0,3578404403.0,111934000.0,1249981.0,89.5485611381293,2862.767036458954
05_PRC,1997.0,3908718655.0,114721000.0,1259067.0,91.11588183948908,3104.456438775697
05_PRC,1998.0,4215068932.0,122939000.0,1267442.0,96.99773244061662,3325.6503508641817
05_PRC,1999.0,4538258760.0,136181000.0,1275407.0,106.77454334185087,3558.282775615941
05_PRC,2000.0,4923625388.0,138086000.0,1283199.0,107.6107447091215,3836.9928499009116
05_PRC,2001.0,5334251341.0,170648000.0,1290938.0,132.18915238377056,4132.07399658233
05_PRC,2002.0,5821302945.0,205720000.0,1298647.0,158.41102316487851,4482.59068476653
05_PRC,2003.0,6405505799.0,258570000.0,1306344.0,197.9340816813948,4903.3836409092855
05_PRC,2004.0,7053180804.0,296580000.0,1314007.0,225.7065601629215,5367.688911855112
05_PRC,2005.0,7856945485.0,350170000.0,1321623.0,264.95452939302663,5944.921876359597
05_PRC,2006.0,8856308018.0,393400000.0,1329209.0,295.9654952682385,6662.840845946725
05_PRC,2007.0,10116683578.0,435860000.0,1336800.0,326.0472770795931,7567.836309096349
05_PRC,2008.0,11093377485.0,465480000.0,1344415.0,346.2323761636102,8251.453223149101
05_PRC,2009.0,12136134243.0,574420000.0,1352068.0,424.8454959365949,8975.979198531435
05_PRC,2010.0,13426950528.0,612063000.0,1359755.0,450.1274126588981,9874.53660990399
05_PRC,2011.0,14707404013.0,667941000.0,1367480.0,488.4466317606108,10755.114526720683
05_PRC,2012.0,15862856222.0,687609000.0,1375199.0,500.0069080911199,11534.953284579176
05_PRC,2013.0,17093438732.0,772340000.0,1382793.0,558.5362378895468,12361.531141682088
05_PRC,2014.0,18340860791.0,739980000.0,1390110.0,532.3175863780564,13193.819763184209
05_PRC,2015.0,19606417751.0,700351000.0,1397029.0,501.3145754311471,14034.367039624804
05_PRC,2016.0,20920047740.0,708637000.0,1403500.0,504.90701816886354,14905.627174919844
06_HKC,1980.0,85158630.0,1990000.0,5054.0,393.7475267115156,16849.74871388999
06_HKC,1981.0,92654618.0,2050000.0,5152.0,397.90372670807454,17984.203804347828
06_HKC,1982.0,95317441.0,2154000.0,5229.0,411.9334480780264,18228.617517689807
06_HKC,1983.0,100678413.0,1903000.0,5291.0,359.6673596673597,19028.239085239085
06_HKC,1984.0,110864549.0,2485000.0,5350.0,464.4859813084112,20722.345607476636
06_HKC,1985.0,111838877.0,2873000.0,5415.0,530.5632502308403,20653.532225300092
06_HKC,1986.0,124301087.0,2388000.0,5487.0,435.21049753963916,22653.74284672863
06_HKC,1987.0,141264792.0,1737000.0,5564.0,312.18547807332857,25389.071171818836
06_HKC,1988.0,154468981.0,2861000.0,5644.0,506.90999291282776,27368.706768249467
06_HKC,1989.0,158505430.0,1897000.0,5722.0,331.5274379587557,27701.0538273331
06_HKC,1990.0,162136327.0,2026000.0,5782.0,350.3977862331373,28041.564683500517
06_HKC,1991.0,171381298.0,2301000.0,5854.0,393.06457123334474,29275.930645712335
06_HKC,1992.0,182066812.0,2233000.0,5920.0,377.19594594594594,30754.529054054055
06_HKC,1993.0,193357083.0,4091000.0,5984.0,683.6564171122994,32312.34675802139
06_HKC,1994.0,205028346.0,4474000.0,6055.0,738.8934764657308,33860.998513625105
06_HKC,1995.0,209895285.0,3404000.0,6140.0,554.3973941368079,34184.89983713355
06_HKC,1996.0,218833909.0,4563000.0,6242.0,731.015700096123,35058.300064082025
06_HKC,1997.0,229993805.0,5116000.0,6357.0,804.7821299355041,36179.613811546325
06_HKC,1998.0,216464023.0,4961000.0,6473.0,766.4143364745868,33441.06642978526
06_HKC,1999.0,221890122.0,5037000.0,6579.0,765.6178750569995,33727.02872777018
06_HKC,2000.0,238894600.0,5223000.0,6663.0,783.8811346240432,35853.90965030767
06_HKC,2001.0,240234490.0,5057000.0,6722.0,752.3058613507884,35738.54358821779
06_HKC,2002.0,244214305.0,4966000.0,6759.0,734.724071608226,36131.72140849238
06_HKC,2003.0,251678273.0,4851000.0,6782.0,715.2757298731938,37109.742406369805
06_HKC,2004.0,273574347.0,5163000.0,6803.0,758.9298838747611,40213.78024401
06_HKC,2005.0,293786692.0,4204000.0,6828.0,615.7000585823081,43026.75629759813
06_HKC,2006.0,314447918.0,2625000.0,6861.0,382.5972890249235,45831.20798717388
06_HKC,2007.0,334776452.0,2707000.0,6898.0,392.4325891562772,48532.393737315164
06_HKC,2008.0,341900297.0,1985000.0,6940.0,286.02305475504323,49265.172478386165
06_HKC,2009.0,333492799.0,1703000.0,6983.0,243.87798940283545,47757.811685521985
06_HKC,2010.0,356062533.0,1929000.0,7025.0,274.5907473309609,50685.05807829181
06_HKC,2011.0,373205831.0,1886000.0,7065.0,266.94975230007077,52824.60452937013
06_HKC,2012.0,379551479.0,1991000.0,7106.0,280.1857585139319,53412.81719673515
06_HKC,2013.0,391323225.0,2436000.0,7149.0,340.74695761644983,54738.17666806546
06_HKC,2014.0,402133203.0,2727000.0,7194.0,379.0658882402002,55898.41576313595
06_HKC,2015.0,411735524.0,3773000.0,7246.0,520.7010764559757,56822.457079768144
06_HKC,2016.0,420641047.0,3231000.0,7303.0,442.42092290839383,57598.39066137204
07_INA,1980.0,246867132.0,2837000.0,150820.0,18.810502585863944,1636.832860363347
07_INA,1981.0,266902407.0,3013000.0,154275.0,19.530059957867444,1730.0431502187653
07_INA,1982.0,269765376.0,2846000.0,157758.0,18.040289557423396,1709.9949035865059
07_INA,1983.0,292463797.0,2676000.0,161246.0,16.595760514989518,1813.7739664859903
07_INA,1984.0,313326797.0,1810000.0,164707.0,10.989211144638661,1902.3283588432794
07_INA,1985.0,324093033.0,2181000.0,168119.0,12.972953681618378,1927.7596999744228
07_INA,1986.0,343272457.0,2838000.0,171472.0,16.55080712886069,2001.9155139031445
07_INA,1987.0,361291604.0,2576000.0,174767.0,14.739624757534317,2067.275881602362
07_INA,1988.0,384047185.0,2690000.0,178007.0,15.111765267658013,2157.4836101951046
07_INA,1989.0,418680446.0,3085000.0,181198.0,17.02557423371119,2310.623991434784
07_INA,1990.0,884274956.0,4690000.0,181437.0,25.84919283277391,4873.730033014214
07_INA,1991.0,945395890.0,4479000.0,184616.0,24.261169129436237,5120.877334575552
07_INA,1992.0,1006823049.0,4452000.0,187766.0,23.710362898501327,5362.115872948244
07_INA,1993.0,1072230383.0,5833000.0,190880.0,30.558466051969823,5617.300832984074
07_INA,1994.0,1153076244.0,5281000.0,193945.0,27.229369151047976,5945.377524555931
07_INA,1995.0,1247859197.0,7262000.0,196958.0,36.87080494318586,6335.661394815138
07_INA,1996.0,1345419164.0,7675000.0,199914.0,38.391508348589895,6729.989715577698
07_INA,1997.0,1408652234.0,7486000.0,202827.0,36.908301163060145,6945.092290474148
07_INA,1998.0,1223742322.0,3626000.0,205715.0,17.6263276863622,5948.726743309919
07_INA,1999.0,1233423667.0,3546000.0,208612.0,16.99806339040899,5912.525008149099
07_INA,2000.0,1294108947.0,5287000.0,211540.0,24.992909142478965,6117.561439916801
07_INA,2001.0,1341259372.0,5457000.0,214506.0,25.439847836424157,6252.782542213271
07_INA,2002.0,1401609008.0,5248000.0,217508.0,24.127848171101753,6443.94232855803
07_INA,2003.0,1468611092.0,5063000.0,220546.0,22.956662102237175,6658.978589500603
07_INA,2004.0,1542495065.0,6175000.0,223615.0,27.61442658140107,6897.994611273841
07_INA,2005.0,1630302696.0,7814000.0,226713.0,34.46648405693542,7191.041960540419
07_INA,2006.0,1719984861.0,7494000.0,229838.0,32.60557436107171,7483.46601084242
07_INA,2007.0,1829118283.0,8694000.0,232990.0,37.314906219151034,7850.629996995579
07_INA,2008.0,1939116035.0,10587000.0,236159.0,44.829966251550864,8211.061340029388
07_INA,2009.0,2028875219.0,8908000.0,239340.0,37.21901896883095,8476.958381382134
07_INA,2010.0,2155149454.0,10744000.0,242524.0,44.3007702330491,8886.334770991736
07_INA,2011.0,2288117524.0,13148000.0,245707.0,53.510888985661786,9312.382325289878
07_INA,2012.0,2426092170.0,15006000.0,248883.0,60.293390870408984,9747.922397271006
07_INA,2013.0,2560916509.0,15237000.0,252033.0,60.45636880884646,10161.036487285395
07_INA,2014.0,2689133108.0,15483000.0,255131.0,60.68647087182663,10540.20525925897
07_INA,2015.0,2820263905.0,13656000.0,258162.0,52.89701815139331,10924.39594130817
07_INA,2016.0,2962215673.0,15214000.0,261115.0,58.26551519445455,11344.486808494341
08_JPN,1980.0,2467546820.0,79007000.0,115915.0,681.5942716645818,21287.553983522408
08_JPN,1981.0,2571706518.0,71136000.0,116824.0,608.9159761692803,22013.51193247963
08_JPN,1982.0,2660617879.0,69504000.0,117711.0,590.4630833142187,22602.967258794844
08_JPN,1983.0,2742933694.0,65614000.0,118554.0,553.4524351772188,23136.576530526174
08_JPN,1984.0,2865668388.0,74367000.0,119321.0,623.2515651058908,24016.46305344407
08_JPN,1985.0,3045585738.0,73377000.0,119991.0,611.5208640648049,25381.784783858788
08_JPN,1986.0,3127382353.0,69941000.0,120553.0,580.1680588620773,25941.970361583702
08_JPN,1987.0,3252503389.0,75751000.0,121024.0,625.9171734531993,26874.862746232153
08_JPN,1988.0,3481900817.0,86871000.0,121435.0,715.3703627455017,28672.959336270433
08_JPN,1989.0,3665877717.0,93278000.0,121833.0,765.6217937668777,30089.365910713845
08_JPN,1990.0,3980922738.0,99032000.0,124516.0,795.3355392078126,31971.17429085419
08_JPN,1991.0,4116970644.0,99151000.0,124940.0,793.5889226828878,32951.58191131743
08_JPN,1992.0,4151885419.0,84040000.0,125341.0,670.4909008225561,33124.719118245426
08_JPN,1993.0,4130381981.0,80589000.0,125717.0,641.0350231074557,32854.6018517782
08_JPN,1994.0,4171399415.0,79333000.0,126063.0,629.3123279630026,33089.79966366023
08_JPN,1995.0,4285785040.0,84340000.0,126376.0,667.3735519402418,33912.966386022665
08_JPN,1996.0,4418644346.0,84400000.0,126654.0,666.3824277164558,34887.5230628326
08_JPN,1997.0,4466190958.0,85500000.0,126902.0,673.7482466785393,35194.01552379001
08_JPN,1998.0,4415794020.0,72500000.0,127128.0,570.2913598892455,34735.02312629791
08_JPN,1999.0,4404668239.0,71000000.0,127336.0,557.5799459697179,34590.91096783314
08_JPN,2000.0,4527101843.0,79600000.0,127534.0,624.1472862138723,35497.21519751596
08_JPN,2001.0,4545497083.0,75200000.0,127723.0,588.7741440460998,35588.71215834266
08_JPN,2002.0,4550860441.0,73600000.0,127902.0,575.4405716876984,35580.83877499961
08_JPN,2003.0,4620407607.0,76400000.0,128068.0,596.5580785207858,36077.76811537621
08_JPN,2004.0,4722273174.0,80500000.0,128213.0,627.8614493070125,36831.469304984676
08_JPN,2005.0,4800789013.0,82900000.0,128335.0,645.9656368099115,37408.25973428917
08_JPN,2006.0,4868960531.0,83300000.0,128433.0,648.5872011087494,37910.510001323644
08_JPN,2007.0,4949502092.0,85900000.0,128506.0,668.4512785395234,38515.72760804943
08_JPN,2008.0,4895377277.0,83200000.0,128551.0,647.2139462158988,38081.20727960109
08_JPN,2009.0,4630223435.0,56000000.0,128566.0,435.573946455517,36014.36954560304
08_JPN,2010.0,4824310329.0,67400000.0,128552.0,524.3014499968884,37528.08458055884
08_JPN,2011.0,4818742045.0,69600000.0,128506.0,541.6089521111854,37498.18720526668
08_JPN,2012.0,4890786556.0,68800000.0,128426.0,535.7170666375968,38082.52656004236
08_JPN,2013.0,4988615386.0,70800000.0,128313.0,551.7757358958172,38878.487651290205
08_JPN,2014.0,5007308700.0,72900000.0,128162.0,568.8113481375135,39070.151058816184
08_JPN,2015.0,5075098803.0,67800000.0,127975.0,529.7909747997655,39656.954897440904
08_JPN,2016.0,5122713069.0,67500000.0,127749.0,528.3798699011343,40099.8291102083
09_ROK,1980.0,247866534.0,6100000.0,37460.0,162.8403630539242,6616.83219434063
09_ROK,1981.0,263187635.0,7480000.0,38055.0,196.55761397976613,6915.98042307187
09_ROK,1982.0,282663779.0,7630000.0,38674.0,197.29016910585923,7308.883978900553
09_ROK,1983.0,313559609.0,8620000.0,39304.0,219.31610014247914,7977.804014858539
09_ROK,1984.0,340063509.0,10120000.0,39921.0,253.50066381102678,8518.411587886076
09_ROK,1985.0,364941898.0,10910000.0,40510.0,269.31621821772404,9008.686694643298
09_ROK,1986.0,405487945.0,11600000.0,41067.0,282.46523973019697,9873.8146200112
09_ROK,1987.0,452009348.0,15048000.0,41594.0,361.78294946386495,10867.176708179064
09_ROK,1988.0,501244250.0,15825000.0,42090.0,375.9800427655025,11908.867902114516
09_ROK,1989.0,535756378.0,18267000.0,42552.0,429.28652002256064,12590.627420567776
09_ROK,1990.0,525457624.0,21478000.0,42923.0,500.3844092910561,12241.866225566713
09_ROK,1991.0,579863250.0,26068000.0,43378.0,600.9497902162386,13367.68062151321
09_ROK,1992.0,615672738.0,23238000.0,43853.0,529.9067338608533,14039.46680956833
09_ROK,1993.0,657826274.0,26710000.0,44341.0,602.3770325432444,14835.621073047518
09_ROK,1994.0,718386692.0,32188000.0,44826.0,718.0654084682997,16026.116361040467
09_ROK,1995.0,787140638.0,37306000.0,45298.0,823.5683694644355,17376.940218111176
09_ROK,1996.0,846920105.0,39400000.0,45757.0,861.0704373101383,18509.082872565945
09_ROK,1997.0,897076285.0,39900000.0,46202.0,863.5989783992035,19416.395069477512
09_ROK,1998.0,847995274.0,25800000.0,46627.0,553.3274712076694,18186.786068157933
09_ROK,1999.0,943891850.0,35200000.0,47023.0,748.5698487973971,20072.982370329413
09_ROK,2000.0,1028128780.0,40000000.0,47387.0,844.1133644248423,21696.43108869521
09_ROK,2001.0,1074654762.0,39700000.0,47713.0,832.0583488776643,22523.311508393937
09_ROK,2002.0,1154527763.0,45400000.0,48004.0,945.7545204566286,24050.657507707692
09_ROK,2003.0,1188392578.0,47500000.0,48265.0,984.1500051797369,24622.243406194964
09_ROK,2004.0,1246621919.0,49100000.0,48498.0,1012.4128830054848,25704.604705348673
09_ROK,2005.0,1295535341.0,49000000.0,48709.0,1005.9742552710998,26597.453057956434
09_ROK,2006.0,1362594243.0,52210000.0,48895.0,1067.7983433888946,27867.7624092443
09_ROK,2007.0,1437038168.0,57404000.0,49062.0,1170.0297582650524,29290.248420366068
09_ROK,2008.0,1477695185.0,61011000.0,49219.0,1239.5822751376502,30022.860785469027
09_ROK,2009.0,1488150025.0,47303000.0,49379.0,957.9578363271836,30137.30583851435
09_ROK,2010.0,1584832060.0,54573000.0,49552.0,1101.3278979657732,31983.21076848563
09_ROK,2011.0,1643180641.0,58741000.0,49745.0,1180.8422957081114,33032.07640968941
09_ROK,2012.0,1680848879.0,56322000.0,49953.0,1127.4998498588673,33648.60727083458
09_ROK,2013.0,1729529707.0,53919000.0,50169.0,1074.7473539436703,34474.07177739241
09_ROK,2014.0,1787321039.0,57834000.0,50386.0,1147.8188385662684,35472.57252014449
09_ROK,2015.0,1837191517.0,58125000.0,50594.0,1148.8516424872514,36312.43856979089
09_ROK,2016.0,1891008456.0,59520000.0,50791.0,1171.861156504105,37231.17197928767
10_MAS,1980.0,83600259.0,1751000.0,13833.0,126.58136340634714,6043.537844285404
10_MAS,1981.0,89402664.0,1738000.0,14179.0,122.57564003103181,6305.28697369349
10_MAS,1982.0,94713748.0,2379000.0,14542.0,163.59510383716133,6513.11704029707
10_MAS,1983.0,100633836.0,2673000.0,14926.0,179.08347849390324,6742.183840278708
10_MAS,1984.0,108445228.0,2408000.0,15332.0,157.05713540307852,7073.129924341247
10_MAS,1985.0,107228124.0,2305000.0,15763.0,146.22850980143374,6802.5200786652285
10_MAS,1986.0,108463462.0,2146000.0,16220.0,132.30579531442663,6687.019852034526
10_MAS,1987.0,114307425.0,1668000.0,16702.0,99.86827924799425,6843.936354927554
10_MAS,1988.0,125665829.0,1847000.0,17200.0,107.38372093023256,7306.15284883721
10_MAS,1989.0,137047678.0,2377000.0,17705.0,134.2558599265744,7740.620050833098
10_MAS,1990.0,200554123.0,2938000.0,18038.0,162.87836789000997,11118.423494844217
10_MAS,1991.0,219697951.0,4137000.0,18530.0,223.2595790609822,11856.33842417701
10_MAS,1992.0,239218373.0,4532000.0,19013.0,238.36322516173144,12581.83206227318
10_MAS,1993.0,262888896.0,5592000.0,19495.0,286.8427802000513,13484.939522954604
10_MAS,1994.0,287106331.0,5302000.0,19987.0,265.27242707760047,14364.653574823635
10_MAS,1995.0,315326256.0,8313000.0,20496.0,405.59133489461357,15384.77049180328
10_MAS,1996.0,346867398.0,8705000.0,21023.0,414.07030395281356,16499.42434476526
10_MAS,1997.0,372267602.0,8848000.0,21566.0,410.2754335528146,17261.782528053416
10_MAS,1998.0,344870884.0,4471000.0,22114.0,202.17961472370445,15595.138102559464
10_MAS,1999.0,366037720.0,6158000.0,22656.0,271.80437853107344,16156.325918079096
10_MAS,2000.0,398464520.0,6761000.0,23186.0,291.5983783317519,17185.565427413094
10_MAS,2001.0,400527272.0,8024000.0,23699.0,338.5796869066205,16900.597999915608
10_MAS,2002.0,422119650.0,7640000.0,24199.0,315.71552543493533,17443.681557089138
10_MAS,2003.0,446554043.0,6693000.0,24688.0,271.1033700583279,18087.89869572262
10_MAS,2004.0,476845759.0,7709000.0,25174.0,306.2286486057043,18941.994081194884
10_MAS,2005.0,502271838.0,7263000.0,25660.0,283.04754481683557,19574.1168355417
10_MAS,2006.0,530322952.0,7883000.0,26144.0,301.5223378212974,20284.69063647491
10_MAS,2007.0,563726860.0,8947000.0,26626.0,336.0249380304965,21172.044618042513
10_MAS,2008.0,590964844.0,9873000.0,27111.0,364.1695252849397,21797.97292611855
10_MAS,2009.0,582020422.0,7727000.0,27605.0,279.91305922840064,21083.876906357546
10_MAS,2010.0,625234550.0,9668000.0,28112.0,343.9100739897553,22240.841989186112
10_MAS,2011.0,658333922.0,9578000.0,28635.0,334.48576916361094,22990.533333333333
10_MAS,2012.0,694367528.0,10374000.0,29171.0,355.62716396421104,23803.3501765452
10_MAS,2013.0,726959213.0,11685000.0,29706.0,393.35487780246416,24471.79738100047
10_MAS,2014.0,770625631.0,11720000.0,30228.0,387.7199947068943,25493.76839354241
10_MAS,2015.0,809372737.0,11629000.0,30723.0,378.5112130976793,26344.196107150994
10_MAS,2016.0,843527063.0,11925000.0,31187.0,382.37085965306056,27047.393561419824
11_MEX,1980.0,821671040.0,10316000.0,68776.0,149.9941840176806,11947.060602535768
11_MEX,1981.0,893927626.0,11309000.0,70318.0,160.82653090247163,12712.642936374754
11_MEX,1982.0,888367121.0,8182000.0,71789.0,113.9728927830169,12374.69697307387
11_MEX,1983.0,851116920.0,6235000.0,73223.0,85.15084058287697,11623.628094997473
11_MEX,1984.0,881982276.0,7261000.0,74673.0,97.23728790861489,11811.260776987667
11_MEX,1985.0,905173493.0,7564000.0,76175.0,99.29766983918609,11882.81579258287
11_MEX,1986.0,871739306.0,6694000.0,77741.0,86.10643032634003,11213.379117840008
11_MEX,1987.0,888612058.0,6429000.0,79359.0,81.01160548898045,11197.369649315138
11_MEX,1988.0,900215807.0,6871000.0,81010.0,84.81668929761757,11112.403493395877
11_MEX,1989.0,937987309.0,7285000.0,82666.0,88.12571069121525,11346.712179130476
11_MEX,1990.0,940509384.0,8257000.0,85358.0,96.7337566484688,11018.40933480166
11_MEX,1991.0,980220049.0,9072000.0,87071.0,104.19083276866006,11257.709788563356
11_MEX,1992.0,1015788889.0,9431000.0,88828.0,106.17147746206152,11435.458290178773
11_MEX,1993.0,1321231084.0,8745000.0,90601.0,96.52211344245649,14582.963587598371
11_MEX,1994.0,1386514177.0,11101000.0,92349.0,120.20704068262786,15013.851552263695
11_MEX,1995.0,1299285370.0,8423000.0,94045.0,89.56350683183582,13815.57095007709
11_MEX,1996.0,1387289329.0,11924000.0,95687.0,124.61462894646085,14498.200685568572
11_MEX,1997.0,1482274980.0,14438000.0,97282.0,148.41388951707407,15236.888427458318
11_MEX,1998.0,1558818551.0,16832000.0,98822.0,170.32644552832366,15774.003268502966
11_MEX,1999.0,1601741466.0,17623000.0,100300.0,175.70289132602193,15969.506141575273
11_MEX,2000.0,1680906796.0,19800000.0,101720.0,194.65198584349193,16524.840699960678
11_MEX,2001.0,1674109375.0,18790000.0,103067.0,182.30859537970446,16242.923292615484
11_MEX,2002.0,1673442335.0,19673000.0,104356.0,188.51814941162942,16035.899564950745
11_MEX,2003.0,1697646715.0,20608000.0,105640.0,195.07762211283605,16070.112788716395
11_MEX,2004.0,1764204496.0,22298000.0,106996.0,208.40031403043105,16488.508878836594
11_MEX,2005.0,1804918932.0,22434000.0,108473.0,206.81644280143445,16639.338194758144
11_MEX,2006.0,1886051444.0,25480000.0,110092.0,231.44279330014896,17131.593975947388
11_MEX,2007.0,1929269289.0,25111000.0,111836.0,224.5341392753675,17250.87886726993
11_MEX,2008.0,1951332115.0,23984000.0,113662.0,211.01159578399114,17167.849545142617
11_MEX,2009.0,1848189692.0,17098000.0,115505.0,148.02822388641184,16000.949673174322
11_MEX,2010.0,1942782224.0,20648000.0,117319.0,175.9987725773319,16559.825978741723
11_MEX,2011.0,2013946491.0,23140000.0,119090.0,194.30682676967,16911.130162062305
11_MEX,2012.0,2087300921.0,23714000.0,120829.0,196.26083142292,17274.83402991004
11_MEX,2013.0,2115564895.0,22904000.0,122536.0,186.91649800874845,17264.843760201085
11_MEX,2014.0,2175758719.0,26073000.0,124222.0,209.89035758561286,17515.08363252886
11_MEX,2015.0,2246916302.0,27707000.0,125891.0,220.08721830790128,17848.109094375293
11_MEX,2016.0,2312376350.0,28421000.0,127541.0,222.8381461647627,18130.45491253793
12_NZ,1980.0,65153924.0,612000.0,3147.0,194.47092469018114,20703.503018748015
12_NZ,1981.0,68226826.0,732000.0,3165.0,231.27962085308056,21556.65908372828
12_NZ,1982.0,68458560.0,794000.0,3189.0,248.98087174662905,21467.093132643462
12_NZ,1983.0,70033554.0,751000.0,3216.0,233.51990049751242,21776.6026119403
12_NZ,1984.0,73535243.0,794000.0,3244.0,244.75955610357585,22668.077373612825
12_NZ,1985.0,74223543.0,680000.0,3269.0,208.01468338941572,22705.274701743652
12_NZ,1986.0,76428512.0,607000.0,3291.0,184.442418717715,23223.49194773625
12_NZ,1987.0,75873104.0,864000.0,3311.0,260.9483539716098,22915.464814255512
12_NZ,1988.0,77556853.0,671000.0,3333.0,201.32013201320132,23269.38283828383
12_NZ,1989.0,78247073.0,686000.0,3361.0,204.10592085688782,23280.89050877715
12_NZ,1990.0,83052842.0,680000.0,3399.0,200.05884083553985,24434.493086201823
12_NZ,1991.0,81688662.0,538000.0,3446.0,156.12304120719676,23705.357515960535
12_NZ,1992.0,82723247.0,619000.0,3504.0,176.6552511415525,23608.232591324202
12_NZ,1993.0,88127414.0,726000.0,3565.0,203.64656381486677,24720.172230014025
12_NZ,1994.0,92724484.0,844000.0,3623.0,232.95611371791333,25593.28843499862
12_NZ,1995.0,96968685.0,908000.0,3675.0,247.0748299319728,26386.036734693876
12_NZ,1996.0,100224850.0,916000.0,3717.0,246.4352972827549,26963.90906645144
12_NZ,1997.0,103240011.0,780000.0,3752.0,207.88912579957355,27515.994402985074
12_NZ,1998.0,104340666.0,740000.0,3784.0,195.56025369978857,27574.17177589852
12_NZ,1999.0,109759848.0,830000.0,3819.0,217.33438072793925,28740.468185388847
12_NZ,2000.0,112272733.0,960000.0,3859.0,248.76911116869655,29093.73749676082
12_NZ,2001.0,116536454.0,1000000.0,3908.0,255.88536335721597,29819.972876151485
12_NZ,2002.0,122433889.0,1100000.0,3964.0,277.49747729566093,30886.45030272452
12_NZ,2003.0,127992718.0,1100000.0,4022.0,273.49577324714073,31823.152163102935
12_NZ,2004.0,132177606.0,1200000.0,4081.0,294.045577064445,32388.533692722373
12_NZ,2005.0,136564457.0,1200000.0,4136.0,290.1353965183752,33018.48573500967
12_NZ,2006.0,140078141.0,1200000.0,4186.0,286.66985188724317,33463.48327759197
12_NZ,2007.0,145345665.0,1230000.0,4233.0,290.5740609496811,34336.32530120482
12_NZ,2008.0,143099309.0,1190000.0,4278.0,278.16736792893875,33450.04885460495
12_NZ,2009.0,145841185.0,740000.0,4324.0,171.13783533765033,33728.30365402405
12_NZ,2010.0,147244406.0,971000.0,4370.0,222.19679633867275,33694.372082379865
12_NZ,2011.0,151213818.0,931000.0,4418.0,210.72883657763694,34226.75826165686
12_NZ,2012.0,154993282.0,974000.0,4467.0,218.04342959480635,34697.399149317214
12_NZ,2013.0,158121062.0,1016000.0,4518.0,224.87826471890216,34998.021691013724
12_NZ,2014.0,163726440.0,1140000.0,4567.0,249.61681629078168,35849.88832931903
12_NZ,2015.0,170986553.0,1067000.0,4615.0,231.20260021668471,37050.17399783315
12_NZ,2016.0,176922277.0,999000.0,4661.0,214.3316884788672,37958.008367303155
,,,,,,
,,,,,,
,,,,,,
,,,,,,
,,,,,,
,,,,,,
,,,,,,
,,,,,,
,,,,,,
,,,,,,
,,,,,,
,,,,,,
,,,,,,
,,,,,,
,,,,,,
,,,,,,
,,,,,,
,,,,,,
,,,,,,
,,,,,,
,,,,,,
,,,,,,
,,,,,,
,,,,,,
,,,,,,
,,,,,,
,,,,,,
,,,,,,
,,,,,,
,,,,,,
,,,,,,
,,,,,,
,,,,,,
,,,,,,
,,,,,,
,,,,,,
,,,,,,
14_PE,1980.0,125218997.0,615000.0,17287.0,35.57586625788164,7243.535431248915
14_PE,1981.0,134182912.0,764000.0,17720.0,43.11512415349887,7572.399097065463
14_PE,1982.0,133351254.0,451000.0,18152.0,24.8457470251212,7346.367011899515
14_PE,1983.0,117593546.0,339000.0,18585.0,18.24051654560129,6327.336346516007
14_PE,1984.0,123686683.0,471000.0,19021.0,24.76210504179591,6502.638294516587
14_PE,1985.0,127129577.0,533000.0,19460.0,27.38951695786228,6532.866238437821
14_PE,1986.0,139822568.0,550000.0,19904.0,27.632636655948552,7024.847668810289
14_PE,1987.0,150989036.0,581000.0,20350.0,28.55036855036855,7419.608648648648
14_PE,1988.0,137836386.0,567000.0,20798.0,27.262236753533994,6627.386575632272
14_PE,1989.0,121694730.0,452000.0,21244.0,21.27659574468085,5728.428262097534
14_PE,1990.0,122184473.0,425000.0,21827.0,19.471297017455445,5597.85921106886
14_PE,1991.0,124896063.0,552000.0,22283.0,24.772247901988063,5604.993178656375
14_PE,1992.0,124220988.0,508000.0,22737.0,22.34243743677706,5463.385143158728
14_PE,1993.0,130734611.0,634000.0,23184.0,27.346445824706695,5639.001509661835
14_PE,1994.0,146825906.0,815000.0,23619.0,34.50611795588298,6216.431940386977
14_PE,1995.0,157707754.0,1152000.0,24039.0,47.922126544365405,6560.495611298307
14_PE,1996.0,162121952.0,856000.0,24441.0,35.02311689374412,6633.196350394828
14_PE,1997.0,172622306.0,1160000.0,24828.0,46.721443531496696,6952.727001772193
14_PE,1998.0,171946425.0,1436000.0,25200.0,56.98412698412698,6823.270833333333
14_PE,1999.0,174516870.0,929000.0,25561.0,36.34443096905442,6827.466452799186
14_PE,2000.0,179219003.0,1098000.0,25915.0,42.36928419834073,6915.647424271658
14_PE,2001.0,180326383.0,1023000.0,26262.0,38.95362120173635,6866.437552357018
14_PE,2002.0,190160535.0,1310000.0,26601.0,49.246268937257994,7148.623547986917
14_PE,2003.0,198080765.0,1200000.0,26938.0,44.5467369515183,7353.209778008761
14_PE,2004.0,207902012.0,1090000.0,27273.0,39.96626700399663,7622.997543357899
14_PE,2005.0,220968779.0,1265000.0,27610.0,45.81673306772908,8003.215465411083
14_PE,2006.0,237605295.0,1670000.0,27950.0,59.749552772808585,8501.08389982111
14_PE,2007.0,257845435.0,1805000.0,28293.0,63.79669883009932,9113.400311030997
14_PE,2008.0,281377875.0,2514000.0,28642.0,87.77320019551708,9823.960442706515
14_PE,2009.0,284461280.0,1854000.0,29001.0,63.928830040343435,9808.671425123272
14_PE,2010.0,308163900.0,2832000.0,29374.0,96.41179274188057,10491.043099339551
14_PE,2011.0,327662023.0,2833000.0,29760.0,95.19489247311827,11010.148622311828
14_PE,2012.0,347779569.0,3130000.0,30159.0,103.78328193905634,11531.535163632747
14_PE,2013.0,368133432.0,3235000.0,30566.0,105.83655041549434,12043.886409736308
14_PE,2014.0,376880366.0,3392000.0,30973.0,109.51473864333451,12168.029122138636
14_PE,2015.0,389134140.0,4084000.0,31377.0,130.15903368709564,12401.891194186825
14_PE,2016.0,404510033.0,3820000.0,31774.0,120.22408258324417,12730.850160508591
15_RP,1980.0,157688155.0,953000.0,47064.0,20.249022607513172,3350.504738228795
15_RP,1981.0,163175595.0,957000.0,48399.0,19.773135808591086,3371.4662493026717
15_RP,1982.0,169168011.0,1442000.0,49767.0,28.975023610022706,3399.200494303454
15_RP,1983.0,172415678.0,1557000.0,51167.0,30.42976918717142,3369.6655656966404
15_RP,1984.0,159842795.0,912000.0,52596.0,17.33972165183664,3039.0675146398967
15_RP,1985.0,148196079.0,1001000.0,54053.0,18.518861117791797,2741.680924278023
15_RP,1986.0,153273535.0,1237000.0,55537.0,22.273439328735797,2759.8454183697354
15_RP,1987.0,159879566.0,1624000.0,57047.0,28.46775465843953,2802.593756025733
15_RP,1988.0,170661859.0,2112000.0,58572.0,36.05818479819709,2913.7106296523934
15_RP,1989.0,181235665.0,2435000.0,60102.0,40.514458753452466,3015.468120861203
15_RP,1990.0,261760309.0,2316000.0,61948.0,37.38619487311939,4225.484422418803
15_RP,1991.0,260246458.0,2076000.0,63508.0,32.68879511242678,4097.853152358758
15_RP,1992.0,261125058.0,2666000.0,65075.0,40.968113714944295,4012.6785708797543
15_RP,1993.0,266651266.0,3069000.0,66650.0,46.04651162790697,4000.769182295574
15_RP,1994.0,278350919.0,3114000.0,68236.0,45.63573480274342,4079.2385104636846
15_RP,1995.0,291374102.0,4686000.0,69836.0,67.10006300475399,4172.262185692193
15_RP,1996.0,308407464.0,4992000.0,71446.0,69.87095148783696,4316.651233099124
15_RP,1997.0,324399508.0,4601000.0,73065.0,62.97132690070485,4439.8755628549925
15_RP,1998.0,322528637.0,3257000.0,74694.0,43.60457332583608,4317.999263662409
15_RP,1999.0,332468700.0,3589000.0,76335.0,47.01644068906793,4355.390056985655
15_RP,2000.0,347134633.0,3309000.0,77991.0,42.42797245836058,4450.957584849534
15_RP,2001.0,357180665.0,3386000.0,79666.0,42.502447719227774,4483.476828257977
15_RP,2002.0,370203126.0,4041000.0,81352.0,49.67302586291671,4550.633371029599
15_RP,2003.0,388603587.0,3881000.0,83032.0,46.74101551209172,4680.1665261585895
15_RP,2004.0,414630792.0,3284000.0,84679.0,38.78175226443392,4896.50080893728
15_RP,2005.0,434440474.0,2890000.0,86275.0,33.49753694581281,5035.5314285714285
15_RP,2006.0,457218016.0,3675000.0,87809.0,41.852201938297895,5206.960744342835
15_RP,2007.0,487470588.0,3950000.0,89293.0,44.23639031055066,5459.225112830793
15_RP,2008.0,507714056.0,4134000.0,90752.0,45.55271509167842,5594.521949929478
15_RP,2009.0,513544300.0,3993000.0,92221.0,43.29816419253749,5568.626451675866
15_RP,2010.0,552739361.0,4650000.0,93727.0,49.61217151941276,5897.333329776905
15_RP,2011.0,572968249.0,5940000.0,95278.0,62.34387791515355,6013.646896450387
15_RP,2012.0,611264409.0,6986000.0,96866.0,72.12024859083682,6310.412415088886
15_RP,2013.0,654444275.0,7796000.0,98481.0,79.16247804144962,6645.386165859404
15_RP,2014.0,694661831.0,8517000.0,100102.0,85.08321512057701,6939.539979221195
15_RP,2015.0,736803830.0,10186000.0,101716.0,100.14157064768571,7243.7357937787565
15_RP,2016.0,787464361.0,11253000.0,103320.0,108.91405342624854,7621.606281455672
,,,,,,
,,,,,,
,,,,,,
,,,,,,
,,,,,,
,,,,,,
,,,,,,
,,,,,,
,,,,,,
,,,,,,
,,,,,,
,,,,,,
16_RUS,1992.0,2617208589.0,59057000.0,148318.0,398.1782386493885,17645.926920535607
16_RUS,1993.0,2390334807.0,39747000.0,148431.0,267.7809891464721,16104.01335974291
16_RUS,1994.0,2089875555.0,21037000.0,148412.0,141.74729806215132,14081.580701021481
16_RUS,1995.0,2003280967.0,21894000.0,148289.0,147.64412734592585,13509.30255784313
16_RUS,1996.0,1931162853.0,19600000.0,148074.0,132.36624930777853,13041.876717046882
16_RUS,1997.0,1958199133.0,18600000.0,147769.0,125.87213826986715,13251.75871123172
16_RUS,1998.0,1854414579.0,18400000.0,147381.0,124.84648631777502,12582.453498076415
16_RUS,1999.0,1973097112.0,21589000.0,146920.0,146.94391505581268,13429.738034304384
16_RUS,2000.0,2170406823.0,29412000.0,146396.0,200.9071286100713,14825.588287931365
16_RUS,2001.0,2280923596.0,31861000.0,145815.0,218.5028975071152,15642.585440455372
16_RUS,2002.0,2389123082.0,29260000.0,145195.0,201.52209098109438,16454.582334102415
16_RUS,2003.0,2563430022.0,32700000.0,144585.0,226.16453989003008,17729.57099284158
16_RUS,2004.0,2747380458.0,35200000.0,144045.0,244.36807941962581,19073.070623763408
16_RUS,2005.0,2922558574.0,36200000.0,143618.0,252.05754153379104,20349.528429584036
16_RUS,2006.0,3160847399.0,41520000.0,143323.0,289.6953036149118,22054.013654472765
16_RUS,2007.0,3430628260.0,46959000.0,143150.0,328.0405169402724,23965.269018512052
16_RUS,2008.0,3610666037.0,40896000.0,143083.0,285.820118392821,25234.766093805694
16_RUS,2009.0,3328279998.0,28477000.0,143093.0,199.0104337738394,23259.55845499081
16_RUS,2010.0,3478176597.0,41444000.0,143154.0,289.5064056889783,24296.747537616833
16_RUS,2011.0,3661994244.0,47981000.0,143264.0,334.9131672995309,25561.161519991067
16_RUS,2012.0,3795873150.0,49488000.0,143421.0,345.0540715794758,26466.648189595668
16_RUS,2013.0,3863642942.0,49671000.0,143598.0,345.90314628337444,26905.96625301188
16_RUS,2014.0,3892179838.0,49423000.0,143761.0,343.7858668206259,27073.961909001748
16_RUS,2015.0,3782099620.0,44746000.0,143888.0,310.97798287556986,26285.024602468588
16_RUS,2016.0,3773593262.0,43424000.0,143965.0,301.62886812766993,26211.8797068732
17_SIN,1980.0,43565294.0,1793000.0,2415.0,742.4430641821946,18039.459213250517
17_SIN,1981.0,46898900.0,2114000.0,2463.0,858.3028826634186,19041.372310190825
17_SIN,1982.0,49221693.0,2561000.0,2520.0,1016.2698412698413,19532.417857142857
17_SIN,1983.0,54074169.0,2775000.0,2583.0,1074.3321718931475,20934.637630662022
17_SIN,1984.0,59172628.0,2282000.0,2647.0,862.1080468454854,22354.60068001511
17_SIN,1985.0,60069938.0,1914000.0,2709.0,706.5337763012182,22174.2111480251
17_SIN,1986.0,62218589.0,1937000.0,2767.0,700.0361402240694,22485.93747741236
17_SIN,1987.0,69256066.0,2216000.0,2823.0,784.9805171803047,24532.789939780374
17_SIN,1988.0,76532623.0,2545000.0,2880.0,883.6805555555555,26573.827430555557
17_SIN,1989.0,83719016.0,3021000.0,2944.0,1026.1548913043478,28437.165760869564
17_SIN,1990.0,110272033.0,3453000.0,3013.0,1146.0338533023564,36598.749751078656
17_SIN,1991.0,117646008.0,3631000.0,3097.0,1172.4249273490475,37987.08685824992
17_SIN,1992.0,125984288.0,3399000.0,3189.0,1065.8513640639699,39505.891502038256
17_SIN,1993.0,140519583.0,4156000.0,3288.0,1263.9902676399026,42737.09945255474
17_SIN,1994.0,155871988.0,4089000.0,3385.0,1207.976366322009,46047.854652880356
17_SIN,1995.0,166826743.0,4993000.0,3479.0,1435.182523713711,47952.498706524864
17_SIN,1996.0,179392023.0,4872000.0,3566.0,1366.236679753225,50306.23191250701
17_SIN,1997.0,194265627.0,5611000.0,3650.0,1537.2602739726028,53223.4594520548
17_SIN,1998.0,189942770.0,4820000.0,3732.0,1291.5326902465167,50895.70471596999
17_SIN,1999.0,201520171.0,3706000.0,3819.0,970.4111023828227,52767.785022257136
17_SIN,2000.0,219450517.0,3730000.0,3914.0,952.9892692897291,56068.093254982115
17_SIN,2001.0,217360712.0,3547000.0,4019.0,882.5578502114954,54083.282408559346
17_SIN,2002.0,226515264.0,3781000.0,4131.0,915.2747518760591,54833.034132171386
17_SIN,2003.0,236561959.0,3645000.0,4249.0,857.8489056248529,55674.7373499647
17_SIN,2004.0,259151676.0,3996000.0,4370.0,914.4164759725401,59302.44302059497
17_SIN,2005.0,278559953.0,3440000.0,4491.0,765.9763972389223,62026.264306390556
17_SIN,2006.0,303240911.0,3000000.0,4612.0,650.4770164787511,65750.4143538595
17_SIN,2007.0,330870789.0,3800000.0,4732.0,803.0431107354184,69921.97569737954
17_SIN,2008.0,336785502.0,4226000.0,4851.0,871.1605854462997,69425.99505256648
17_SIN,2009.0,334753377.0,3540000.0,4966.0,712.8473620620217,67409.0569875151
17_SIN,2010.0,385771054.0,3350000.0,5074.0,660.228616476153,76028.98186834845
17_SIN,2011.0,410270113.0,4900000.0,5176.0,946.6769706336939,79263.932187017
17_SIN,2012.0,427022663.0,4782000.0,5271.0,907.2282299373933,81013.59571238855
17_SIN,2013.0,448848164.0,5345000.0,5361.0,997.0154821861593,83724.70882298079
17_SIN,2014.0,466280921.0,4791000.0,5448.0,879.4052863436124,85587.54056534509
17_SIN,2015.0,476730547.0,5019000.0,5535.0,906.7750677506775,86130.18012646794
17_SIN,2016.0,488157880.0,3540000.0,5623.0,629.557175884759,86814.49048550596
18_CT,1980.0,161122167.0,6294000.0,17866.0,352.2892645247957,9018.36824135229
18_CT,1981.0,171450361.0,5570000.0,18194.0,306.14488292843794,9423.456139386612
18_CT,1982.0,178250178.0,5080000.0,18516.0,274.35731259451285,9626.818859364874
18_CT,1983.0,192676295.0,5770000.0,18791.0,307.0618913309563,10253.647756904902
18_CT,1984.0,210789245.0,6090000.0,19069.0,319.3665110913,11054.027216948974
18_CT,1985.0,219083036.0,6320000.0,19314.0,327.22377549963755,11343.224396810603
18_CT,1986.0,242713233.0,7840000.0,19509.0,401.8658055256548,12441.090419806244
18_CT,1987.0,268880953.0,9401000.0,19725.0,476.6032953105196,13631.48050697085
18_CT,1988.0,283951552.0,11630000.0,19954.0,582.8405332264208,14230.307306805653
18_CT,1989.0,312728952.0,14100000.0,20157.0,699.508855484447,15514.657538324156
18_CT,1990.0,371750375.0,15350000.0,20311.0,755.7481167840086,18302.908522475507
18_CT,1991.0,399425851.0,18920000.0,20518.0,922.1171654157325,19467.09479481431
18_CT,1992.0,429483927.0,21300000.0,20717.0,1028.141140126466,20730.99034609258
18_CT,1993.0,455960019.0,25110000.0,20903.0,1201.2629766062287,21813.137779266133
18_CT,1994.0,488064703.0,22980000.0,21074.0,1090.443200151846,23159.56643257094
18_CT,1995.0,516012759.0,24090000.0,21229.0,1134.7684770832352,24306.974374676152
18_CT,1996.0,541876151.0,21610000.0,21364.0,1011.5146976221681,25363.9838513387
18_CT,1997.0,571729306.0,25240000.0,21484.0,1174.8277788121393,26611.864922733195
18_CT,1998.0,593032529.0,24220000.0,21596.0,1121.5039822189294,27460.294915725135
18_CT,1999.0,628666964.0,24470000.0,21711.0,1127.078439500714,28956.14960158445
18_CT,2000.0,662000043.0,25300000.0,21840.0,1158.4249084249084,30311.35728021978
18_CT,2001.0,650059607.0,20910000.0,21985.0,951.1030247896293,29568.324175574257
18_CT,2002.0,685988330.0,24470000.0,22143.0,1105.0896445829383,30979.91825859188
18_CT,2003.0,712263136.0,23830000.0,22307.0,1068.2745326579102,31930.028062939884
18_CT,2004.0,759246130.0,26460000.0,22462.0,1177.9894933665746,33801.359184400324
18_CT,2005.0,799043410.0,23890000.0,22603.0,1056.9393443348229,35351.21045878866
18_CT,2006.0,842725935.0,23790000.0,22726.0,1046.8186218428232,37082.017732993045
18_CT,2007.0,896011412.0,21700000.0,22833.0,950.378837647265,39241.948583191
18_CT,2008.0,886001896.0,20290000.0,22929.0,884.9055780888831,38641.10497623097
18_CT,2009.0,881882613.0,13530000.0,23017.0,587.8263891905982,38314.40296302733
18_CT,2010.0,971617961.0,21350000.0,23102.0,924.1624101809367,42057.74223010995
18_CT,2011.0,997904591.0,21715000.0,23185.0,936.596937675221,43040.9571274531
18_CT,2012.0,1016230750.0,21332000.0,23264.0,916.9532324621733,43682.54599381018
18_CT,2013.0,1040150331.0,22285000.0,23340.0,954.7986289631534,44565.13843187661
18_CT,2014.0,1083811934.0,23469000.0,23414.0,1002.3490219526778,46289.05500982318
18_CT,2015.0,1103089000.0,21032000.0,23486.0,895.5122200459848,46967.938346248826
18_CT,2016.0,1118806117.0,21932000.0,23557.0,931.0183809483381,47493.5737572696
19_THA,1980.0,126156764.0,1974000.0,47483.0,41.57277341364278,2656.8827580397196
19_THA,1981.0,133677480.0,1839000.0,48460.0,37.948823772183246,2758.5117622781677
19_THA,1982.0,140922646.0,2430000.0,49423.0,49.16739170022055,2851.357586548773
19_THA,1983.0,148898835.0,2901000.0,50380.0,57.582373957919806,2955.5147876141327
19_THA,1984.0,157578837.0,2417000.0,51346.0,47.072800218127995,3068.96032797102
19_THA,1985.0,165016085.0,2907000.0,52329.0,55.55237057845554,3153.4347111544266
19_THA,1986.0,174259678.0,2135000.0,53340.0,40.026246719160106,3266.9605924259467
19_THA,1987.0,190962300.0,3109000.0,54369.0,57.183321377991135,3512.337913149037
19_THA,1988.0,216460950.0,4094000.0,55371.0,73.9376207762186,3909.2837405862274
19_THA,1989.0,242983592.0,5083000.0,56285.0,90.30825264280004,4317.022155103491
19_THA,1990.0,396505938.0,6783000.0,56583.0,119.87699485711256,7007.50999416786
19_THA,1991.0,430439948.0,7114000.0,57258.0,124.24464703622202,7517.55122428307
19_THA,1992.0,465234079.0,8568000.0,57838.0,148.13790241709603,8043.744233894671
19_THA,1993.0,503620744.0,8055000.0,58365.0,138.0107941403238,8628.81425511865
19_THA,1994.0,543894815.0,11375000.0,58901.0,193.1206600906606,9234.050610346174
19_THA,1995.0,588060498.0,11958000.0,59491.0,201.00519406296752,9884.86490393505
19_THA,1996.0,621299877.0,9684000.0,60152.0,160.99215321186327,10328.83157667243
19_THA,1997.0,604191822.0,8366000.0,60863.0,137.45625421027555,9927.079210686295
19_THA,1998.0,558069428.0,4187000.0,61598.0,67.9729861359135,9059.862787752849
19_THA,1999.0,583586027.0,6909000.0,62307.0,110.88641725648803,9366.299565056896
19_THA,2000.0,609588730.0,7177000.0,62958.0,113.99663267575208,9682.466565011595
19_THA,2001.0,630584452.0,8178000.0,63543.0,128.7002502242576,9923.743795540027
19_THA,2002.0,669358332.0,10806000.0,64073.0,168.65138201738642,10446.808047071308
19_THA,2003.0,717480711.0,11896000.0,64555.0,184.27697312369298,11114.254682054063
19_THA,2004.0,762605143.0,14144000.0,65002.0,217.59330482139012,11732.025829974462
19_THA,2005.0,794541787.0,15273000.0,65425.0,233.4428735192969,12144.314665647687
19_THA,2006.0,834013962.0,15360000.0,65824.0,233.3495381623724,12670.362815994165
19_THA,2007.0,879343393.0,14160000.0,66196.0,213.9102060547465,13283.935479485166
19_THA,2008.0,894517940.0,15655000.0,66546.0,235.25080395515883,13442.099299732516
19_THA,2009.0,888339206.0,12501000.0,66881.0,186.9140712608962,13282.385221512835
19_THA,2010.0,955085378.0,16378000.0,67209.0,243.68760136291272,14210.676814117156
19_THA,2011.0,963107708.0,16881000.0,67530.0,249.97778764993336,14261.923707981638
19_THA,2012.0,1032863544.0,19047000.0,67844.0,280.7470078415188,15224.095631153823
19_THA,2013.0,1060620512.0,20732000.0,68143.0,304.24254875775944,15564.628971427734
19_THA,2014.0,1071061409.0,20544000.0,68417.0,300.27624713156087,15654.901691100165
19_THA,2015.0,1103409327.0,19403000.0,68657.0,282.6077457506154,16071.330337765996
19_THA,2016.0,1139630759.0,22340000.0,68864.0,324.4075278810409,16549.00614254182
20_USA,1980.0,6997861906.0,114015000.0,229825.0,496.0948547808115,30448.65400195801
20_USA,1981.0,7173945105.0,128523000.0,232035.0,553.8948865472881,30917.512896761265
20_USA,1982.0,7031989622.0,83934000.0,234261.0,358.29267355641787,30017.756357225488
20_USA,1983.0,7352585554.0,94011000.0,236511.0,397.4910257873841,31087.710736498513
20_USA,1984.0,7889088776.0,111152000.0,238794.0,465.4723318006315,33037.2152399139
20_USA,1985.0,8220310084.0,105095000.0,241120.0,435.86181154611813,34092.1951061712
20_USA,1986.0,8506837494.0,94872000.0,243496.0,389.6244702171699,34936.25149489108
20_USA,1987.0,8784795509.0,100518000.0,245921.0,408.7410184571468,35722.02255602409
20_USA,1988.0,9152991387.0,110295000.0,248382.0,444.05391695050366,36850.461736357705
20_USA,1989.0,9483806486.0,101986000.0,250858.0,406.5487247765668,37805.47754506533
20_USA,1990.0,9748318567.0,103052000.0,252530.0,408.0782481289352,38602.61579614303
20_USA,1991.0,9741096571.0,89599000.0,254975.0,351.40307873320916,38204.12421217767
20_USA,1992.0,10087431143.0,97372000.0,257455.0,378.209784234138,39181.33709968733
20_USA,1993.0,10364417549.0,104356000.0,260020.0,401.33835858780094,39860.078259364665
20_USA,1994.0,10782895773.0,117471000.0,262741.0,447.09809279861156,41040.019536349486
20_USA,1995.0,11076080098.0,112583000.0,265659.0,423.78763753533667,41692.84721390956
20_USA,1996.0,11496514943.0,119867000.0,268803.0,445.92880287794407,42769.295517535145
20_USA,1997.0,12012366615.0,124017000.0,272137.0,455.7153198572778,44140.87983258432
20_USA,1998.0,12546906234.0,135145000.0,275543.0,490.4679124492366,45535.202251554205
20_USA,1999.0,13134753835.0,127857000.0,278862.0,458.4955999741808,47101.26813621074
20_USA,2000.0,13672251138.0,133262000.0,281982.0,472.59044903575403,48486.25493116582
20_USA,2001.0,13805689826.0,114386000.0,284852.0,401.5629168831534,48466.18533835114
20_USA,2002.0,14052277074.0,118257000.0,287507.0,411.31868093646415,48876.29544324138
20_USA,2003.0,14446693008.0,105767000.0,290027.0,364.67984015281337,49811.54515958859
20_USA,2004.0,14993607656.0,123822000.0,292539.0,423.26664137089415,51253.36333275221
20_USA,2005.0,15495176228.0,113265000.0,295130.0,383.7800291397011,52502.884247619695
20_USA,2006.0,15908374599.0,134040000.0,297827.0,450.0599341228297,53414.81665194895
20_USA,2007.0,16191316215.0,120381000.0,300595.0,400.4757231490876,53864.22334037492
20_USA,2008.0,16144098863.0,110500000.0,303374.0,364.23688252783694,53215.1696025368
20_USA,2009.0,15696014624.0,69400000.0,306076.0,226.74107084514958,51281.428873874465
20_USA,2010.0,16093425254.0,92400000.0,308642.0,299.3759760499219,52142.693651544505
20_USA,2011.0,16351154165.0,101000000.0,311052.0,324.70455100754856,52567.26902575775
20_USA,2012.0,16714808879.0,108300000.0,313336.0,345.63535629484005,53344.68072293002
20_USA,2013.0,16995171638.0,106300000.0,315536.0,336.88707469195276,53861.27617134019
20_USA,2014.0,17431810499.0,121600000.0,317719.0,382.72813398002637,54865.495922497554
20_USA,2015.0,17930636927.0,108333000.0,319929.0,338.61575537072287,56045.67553113347
20_USA,2016.0,18196956946.0,102570000.0,322179.0,318.36339426219587,56480.890889846945
,,,,,,
,,,,,,
,,,,,,
,,,,,,
,,,,,,
,,,,,,
,,,,,,
21_VN,1987.0,61305758.0,306000.0,62987.0,4.858145331576357,973.3081111975487
21_VN,1988.0,64257184.0,126000.0,64333.0,1.958559370773942,998.8215068471858
21_VN,1989.0,68814062.0,194000.0,65703.0,2.9526810039115414,1047.350379739129
21_VN,1990.0,104421340.0,215000.0,68210.0,3.1520304940624544,1530.8802228412255
21_VN,1991.0,110645733.0,263000.0,69670.0,3.7749389981340604,1588.1402755849003
21_VN,1992.0,120212216.0,485000.0,71130.0,6.818501335582736,1690.0353718543513
21_VN,1993.0,129916624.0,899000.0,72561.0,12.389575667369524,1790.4469894295835
21_VN,1994.0,141399930.0,552000.0,73925.0,7.467027392627664,1912.7484612783226
21_VN,1995.0,154890162.0,752000.0,75199.0,10.000132980491761,2059.7369911833935
21_VN,1996.0,169356931.0,1703000.0,76373.0,22.29845626072041,2217.4974271012006
21_VN,1997.0,183163050.0,1720000.0,77454.0,22.20672915536964,2364.7978154775737
21_VN,1998.0,193721403.0,2123000.0,78453.0,27.060787987712388,2469.2669878780926
21_VN,1999.0,202968862.0,2538000.0,79391.0,31.968359133906866,2556.572684561222
21_VN,2000.0,216745001.0,2934000.0,80285.0,36.54480911751884,2699.694849598306
21_VN,2001.0,230167788.0,4036000.0,81140.0,49.741188070002465,2836.674735025881
21_VN,2002.0,244716281.0,5234000.0,81956.0,63.86353653179755,2985.9471057640685
21_VN,2003.0,261599413.0,5230000.0,82748.0,63.20394450621163,3161.3986199062215
21_VN,2004.0,281314619.0,6212000.0,83528.0,74.37027104683459,3367.907994923858
21_VN,2005.0,302546130.0,7653000.0,84309.0,90.7732270576095,3588.5389460199976
21_VN,2006.0,323657662.0,7148000.0,85095.0,84.00023503143545,3803.48624478524
21_VN,2007.0,346732850.0,10833000.0,85889.0,126.12790927825449,4036.987856419332
21_VN,2008.0,366364071.0,9516000.0,86707.0,109.74892453896456,4225.311347411397
21_VN,2009.0,386140028.0,12700000.0,87565.0,145.03511677039913,4409.753074858676
21_VN,2010.0,410942722.0,12293000.0,88472.0,138.94791572474907,4644.890157337914
21_VN,2011.0,436586792.0,11276000.0,89437.0,126.0775741583461,4881.500855350694
21_VN,2012.0,459496104.0,12740000.0,90452.0,140.8481846725335,5079.9993808871
21_VN,2013.0,484409445.0,13685000.0,91497.0,149.56774539055925,5294.265877569756
21_VN,2014.0,513394833.0,16226000.0,92545.0,175.33092009292776,5547.515619428386
21_VN,2015.0,547685956.0,20510000.0,93572.0,219.1895011328175,5853.096610097037
21_VN,2016.0,581701700.0,25088000.0,94569.0,265.28777929342596,6151.082278547939
