Economy,Year,GDP,ITM,POP
01_AUS,2017,1157283926.0,,24451.0
01_AUS,2018,1201142573.0,,24772.0
01_AUS,2019,1245039044.0,,25089.0
01_AUS,2020,1289224526.0,,25398.0
01_AUS,2021,1333639686.0,,25700.0
01_AUS,2022,1378646228.0,,25996.0
01_AUS,2023,1424442629.0,,26287.0
01_AUS,2024,1471205820.0,,26573.0
01_AUS,2025,1519006309.0,,26857.0
01_AUS,2026,1566859653.0,,27139.0
01_AUS,2027,1615958599.0,,27418.0
01_AUS,2028,1666222278.0,,27693.0
01_AUS,2029,1717419964.0,,27966.0
01_AUS,2030,1769393796.0,,28234.0
01_AUS,2031,1821332122.0,,28500.0
01_AUS,2032,1874054169.0,,28760.0
01_AUS,2033,1927569372.0,,29018.0
01_AUS,2034,1981931991.0,,29273.0
01_AUS,2035,2037127705.0,,29527.0
01_AUS,2036,2091895589.0,,29777.0
01_AUS,2037,2147448007.0,,30026.0
01_AUS,2038,2203751837.0,,30273.0
01_AUS,2039,2260727484.0,,30520.0
01_AUS,2040,2318290528.0,,30764.0
01_AUS,2041,2375138639.0,,31009.0
01_AUS,2042,2432794114.0,,31253.0
01_AUS,2043,2491262884.0,,31496.0
01_AUS,2044,2550592656.0,,31739.0
01_AUS,2045,2610851825.0,,31982.0
01_AUS,2046,2670775153.0,,32225.0
01_AUS,2047,2731887132.0,,32468.0
01_AUS,2048,2794170024.0,,32710.0
01_AUS,2049,2857579294.0,,32950.0
01_AUS,2050,2922072575.0,,33187.0
02_BD,2017,32437366.0,,429.0
02_BD,2018,33069907.0,,434.0
02_BD,2019,33676517.0,,439.0
02_BD,2020,34259481.0,,445.0
02_BD,2021,34761332.0,,450.0
02_BD,2022,35259303.0,,455.0
02_BD,2023,35744984.0,,459.0
02_BD,2024,36216047.0,,464.0
02_BD,2025,36670805.0,,469.0
02_BD,2026,37067939.0,,473.0
02_BD,2027,37462768.0,,478.0
02_BD,2028,37858011.0,,482.0
02_BD,2029,38255907.0,,486.0
02_BD,2030,38654200.0,,490.0
02_BD,2031,38979888.0,,494.0
02_BD,2032,39317569.0,,497.0
02_BD,2033,39663549.0,,500.0
02_BD,2034,40018318.0,,504.0
02_BD,2035,40377630.0,,507.0
02_BD,2036,40672792.0,,509.0
02_BD,2037,40982660.0,,513.0
02_BD,2038,41303882.0,,515.0
02_BD,2039,41631876.0,,518.0
02_BD,2040,41964992.0,,520.0
02_BD,2041,42231768.0,,522.0
02_BD,2042,42511378.0,,524.0
02_BD,2043,42800472.0,,526.0
02_BD,2044,43100190.0,,528.0
02_BD,2045,43407732.0,,530.0
02_BD,2046,43644785.0,,532.0
02_BD,2047,43894956.0,,533.0
02_BD,2048,44156602.0,,535.0
02_BD,2049,44432251.0,,535.0
02_BD,2050,44714493.0,,537.0
03_CDA,2017,1702561120.0,,36624.0
03_CDA,2018,1736225571.0,,36954.0
03_CDA,2019,1771168763.0,,37280.0
03_CDA,2020,1807362860.0,,37604.0
03_CDA,2021,1844712460.0,,37924.0
03_CDA,2022,1883170718.0,,38242.0
03_CDA,2023,1922752078.0,,38556.0
03_CDA,2024,1963133817.0,,38868.0
03_CDA,2025,2004109568.0,,39173.0
03_CDA,2026,2045710589.0,,39473.0
03_CDA,2027,2087986905.0,,39769.0
03_CDA,2028,2130945077.0,,40059.0
03_CDA,2029,2174536544.0,,40342.0
03_CDA,2030,2218710070.0,,40618.0
03_CDA,2031,2263425517.0,,40886.0
03_CDA,2032,2308694906.0,,41147.0
03_CDA,2033,2354538825.0,,41401.0
03_CDA,2034,2400973842.0,,41647.0
03_CDA,2035,2448001199.0,,41888.0
03_CDA,2036,2495626479.0,,42123.0
03_CDA,2037,2543873074.0,,42351.0
03_CDA,2038,2592766017.0,,42574.0
03_CDA,2039,2642312764.0,,42792.0
03_CDA,2040,2692521059.0,,43005.0
03_CDA,2041,2743424646.0,,43213.0
03_CDA,2042,2795096455.0,,43417.0
03_CDA,2043,2847594538.0,,43619.0
03_CDA,2044,2900951807.0,,43816.0
03_CDA,2045,2955183143.0,,44011.0
03_CDA,2046,3010304987.0,,44204.0
03_CDA,2047,3066353016.0,,44395.0
03_CDA,2048,3123340480.0,,44583.0
03_CDA,2049,3181260928.0,,44768.0
03_CDA,2050,3240094122.0,,44949.0
04_CHL,2017,433123907.0,,18055.0
04_CHL,2018,457489275.0,,18197.0
04_CHL,2019,482243933.0,,18336.0
04_CHL,2020,507191164.0,,18472.0
04_CHL,2021,532183278.0,,18605.0
04_CHL,2022,557093007.0,,18734.0
04_CHL,2023,581818869.0,,18859.0
04_CHL,2024,606298880.0,,18980.0
04_CHL,2025,630504357.0,,19099.0
04_CHL,2026,654435101.0,,19214.0
04_CHL,2027,678110766.0,,19327.0
04_CHL,2028,701559226.0,,19435.0
04_CHL,2029,724816239.0,,19538.0
04_CHL,2030,747923989.0,,19638.0
04_CHL,2031,770928879.0,,19731.0
04_CHL,2032,793879791.0,,19820.0
04_CHL,2033,816823611.0,,19903.0
04_CHL,2034,839806564.0,,19983.0
04_CHL,2035,862870340.0,,20059.0
04_CHL,2036,886049881.0,,20131.0
04_CHL,2037,909375170.0,,20199.0
04_CHL,2038,932865121.0,,20263.0
04_CHL,2039,956523450.0,,20322.0
04_CHL,2040,980341788.0,,20378.0
04_CHL,2041,1004308061.0,,20431.0
04_CHL,2042,1028412733.0,,20479.0
04_CHL,2043,1052638806.0,,20523.0
04_CHL,2044,1076959404.0,,20562.0
04_CHL,2045,1101337868.0,,20598.0
04_CHL,2046,1125734717.0,,20630.0
04_CHL,2047,1150114767.0,,20657.0
04_CHL,2048,1174440897.0,,20682.0
04_CHL,2049,1198676569.0,,20702.0
04_CHL,2050,1222783525.0,,20718.0
05_PRC,2017,22363531034.0,,1409517.0
05_PRC,2018,23659612528.0,,1415046.0
05_PRC,2019,24947921526.0,,1420062.0
05_PRC,2020,26230105407.0,,1424548.0
05_PRC,2021,27506861830.0,,1428480.0
05_PRC,2022,28778357427.0,,1431850.0
05_PRC,2023,30044823379.0,,1434676.0
05_PRC,2024,31306912044.0,,1436995.0
05_PRC,2025,32566129111.0,,1438836.0
05_PRC,2026,33825345520.0,,1440205.0
05_PRC,2027,35088933722.0,,1441106.0
05_PRC,2028,36362312703.0,,1441556.0
05_PRC,2029,37651695152.0,,1441574.0
05_PRC,2030,38964095929.0,,1441182.0
05_PRC,2031,40306889050.0,,1440391.0
05_PRC,2032,41686988529.0,,1439216.0
05_PRC,2033,43109576007.0,,1437667.0
05_PRC,2034,44577044521.0,,1435761.0
05_PRC,2035,46088498358.0,,1433509.0
05_PRC,2036,47639385219.0,,1430923.0
05_PRC,2037,49221380886.0,,1428013.0
05_PRC,2038,50822941908.0,,1424792.0
05_PRC,2039,52430130974.0,,1421275.0
05_PRC,2040,54027947894.0,,1417473.0
05_PRC,2041,55602066714.0,,1413397.0
05_PRC,2042,57140385424.0,,1409052.0
05_PRC,2043,58633474425.0,,1404434.0
05_PRC,2044,60075231645.0,,1399538.0
05_PRC,2045,61463049767.0,,1394361.0
05_PRC,2046,62797983091.0,,1388910.0
05_PRC,2047,64084442360.0,,1383192.0
05_PRC,2048,65329425226.0,,1377210.0
05_PRC,2049,66541967927.0,,1370963.0
05_PRC,2050,67732040674.0,,1364456.0
06_HKC,2017,436589016.0,,7365.0
06_HKC,2018,449159793.0,,7429.0
06_HKC,2019,461859171.0,,7491.0
06_HKC,2020,474571198.0,,7548.0
06_HKC,2021,487075456.0,,7598.0
06_HKC,2022,499279321.0,,7643.0
06_HKC,2023,511253162.0,,7685.0
06_HKC,2024,523237831.0,,7726.0
06_HKC,2025,535416628.0,,7768.0
06_HKC,2026,547357428.0,,7814.0
06_HKC,2027,559472253.0,,7859.0
06_HKC,2028,571819963.0,,7905.0
06_HKC,2029,584393978.0,,7948.0
06_HKC,2030,597273775.0,,7987.0
06_HKC,2031,609985677.0,,8023.0
06_HKC,2032,623109485.0,,8053.0
06_HKC,2033,636582270.0,,8080.0
06_HKC,2034,650327773.0,,8105.0
06_HKC,2035,664226402.0,,8127.0
06_HKC,2036,678403630.0,,8146.0
06_HKC,2037,692750038.0,,8162.0
06_HKC,2038,707285171.0,,8176.0
06_HKC,2039,721959258.0,,8188.0
06_HKC,2040,736763675.0,,8199.0
06_HKC,2041,751850965.0,,8209.0
06_HKC,2042,767026005.0,,8216.0
06_HKC,2043,782292047.0,,8223.0
06_HKC,2044,797760612.0,,8228.0
06_HKC,2045,813367133.0,,8233.0
06_HKC,2046,830635372.0,,8238.0
06_HKC,2047,848254575.0,,8243.0
06_HKC,2048,866084189.0,,8247.0
06_HKC,2049,883989108.0,,8250.0
06_HKC,2050,901931121.0,,8253.0
07_INA,2017,3112331292.0,,263991.0
07_INA,2018,3295609280.0,,266795.0
07_INA,2019,3488936656.0,,269537.0
07_INA,2020,3693734814.0,,272223.0
07_INA,2021,3911045297.0,,274854.0
07_INA,2022,4141602277.0,,277425.0
07_INA,2023,4385948175.0,,279934.0
07_INA,2024,4644490992.0,,282376.0
07_INA,2025,4917539393.0,,284751.0
07_INA,2026,5205336959.0,,287056.0
07_INA,2027,5508052854.0,,289292.0
07_INA,2028,5825728932.0,,291460.0
07_INA,2029,6158276587.0,,293560.0
07_INA,2030,6505538184.0,,295595.0
07_INA,2031,6867313616.0,,297565.0
07_INA,2032,7243345960.0,,299468.0
07_INA,2033,7633308546.0,,301302.0
07_INA,2034,8036803252.0,,303066.0
07_INA,2035,8453413859.0,,304758.0
07_INA,2036,8882770875.0,,306378.0
07_INA,2037,9324649631.0,,307924.0
07_INA,2038,9778929011.0,,309399.0
07_INA,2039,10245538372.0,,310802.0
07_INA,2040,10724462970.0,,312134.0
07_INA,2041,11215778671.0,,313396.0
07_INA,2042,11719616575.0,,314588.0
07_INA,2043,12236108165.0,,315709.0
07_INA,2044,12765364531.0,,316757.0
07_INA,2045,13307482936.0,,317732.0
07_INA,2046,13862577929.0,,318635.0
07_INA,2047,14430737645.0,,319465.0
07_INA,2048,15011947341.0,,320226.0
07_INA,2049,15606037447.0,,320920.0
07_INA,2050,16212728393.0,,321550.0
08_JPN,2017,5210443687.0,,127484.0
08_JPN,2018,5250003682.0,,127185.0
08_JPN,2019,5296109833.0,,126855.0
08_JPN,2020,5347531502.0,,126495.0
08_JPN,2021,5403147929.0,,126109.0
08_JPN,2022,5462306521.0,,125697.0
08_JPN,2023,5524722222.0,,125259.0
08_JPN,2024,5590267170.0,,124796.0
08_JPN,2025,5658856244.0,,124310.0
08_JPN,2026,5730421375.0,,123801.0
08_JPN,2027,5804855810.0,,123272.0
08_JPN,2028,5881862362.0,,122724.0
08_JPN,2029,5960930694.0,,122161.0
08_JPN,2030,6041482769.0,,121580.0
08_JPN,2031,6122239375.0,,120988.0
08_JPN,2032,6201587220.0,,120382.0
08_JPN,2033,6279518300.0,,119766.0
08_JPN,2034,6356080281.0,,119138.0
08_JPN,2035,6431338777.0,,118500.0
08_JPN,2036,6505342764.0,,117852.0
08_JPN,2037,6578159613.0,,117198.0
08_JPN,2038,6649849253.0,,116539.0
08_JPN,2039,6720513127.0,,115876.0
08_JPN,2040,6790328495.0,,115213.0
08_JPN,2041,6859623800.0,,114548.0
08_JPN,2042,6928927126.0,,113886.0
08_JPN,2043,6998793709.0,,113226.0
08_JPN,2044,7069777294.0,,112571.0
08_JPN,2045,7142438952.0,,111924.0
08_JPN,2046,7217398990.0,,111282.0
08_JPN,2047,7295399996.0,,110650.0
08_JPN,2048,7377138739.0,,110024.0
08_JPN,2049,7463193178.0,,109406.0
08_JPN,2050,7554033544.0,,108794.0
09_ROK,2017,1948925666.0,,50982.0
09_ROK,2018,2013342662.0,,51164.0
09_ROK,2019,2078130276.0,,51339.0
09_ROK,2020,2143183904.0,,51507.0
09_ROK,2021,2208267338.0,,51667.0
09_ROK,2022,2273136741.0,,51817.0
09_ROK,2023,2337591253.0,,51959.0
09_ROK,2024,2401515619.0,,52093.0
09_ROK,2025,2464833932.0,,52219.0
09_ROK,2026,2527488781.0,,52338.0
09_ROK,2027,2589456879.0,,52447.0
09_ROK,2028,2650728490.0,,52546.0
09_ROK,2029,2711324850.0,,52631.0
09_ROK,2030,2771278698.0,,52702.0
09_ROK,2031,2830634441.0,,52757.0
09_ROK,2032,2889462983.0,,52798.0
09_ROK,2033,2947844914.0,,52821.0
09_ROK,2034,3005866379.0,,52823.0
09_ROK,2035,3063609306.0,,52806.0
09_ROK,2036,3121150744.0,,52767.0
09_ROK,2037,3178570846.0,,52706.0
09_ROK,2038,3235926536.0,,52626.0
09_ROK,2039,3293225172.0,,52527.0
09_ROK,2040,3350439908.0,,52410.0
09_ROK,2041,3407529375.0,,52276.0
09_ROK,2042,3464460649.0,,52125.0
09_ROK,2043,3521198316.0,,51959.0
09_ROK,2044,3577691327.0,,51779.0
09_ROK,2045,3633893874.0,,51586.0
09_ROK,2046,3689785950.0,,51381.0
09_ROK,2047,3745392658.0,,51165.0
09_ROK,2048,3800756553.0,,50938.0
09_ROK,2049,3855904183.0,,50702.0
09_ROK,2050,3910867882.0,,50457.0
10_MAS,2017,893310084.0,,31624.0
10_MAS,2018,936244052.0,,32043.0
10_MAS,2019,980686103.0,,32455.0
10_MAS,2020,1026535142.0,,32869.0
10_MAS,2021,1073995475.0,,33289.0
10_MAS,2022,1122952095.0,,33711.0
10_MAS,2023,1173554862.0,,34131.0
10_MAS,2024,1225847959.0,,34545.0
10_MAS,2025,1279938307.0,,34950.0
10_MAS,2026,1334807058.0,,35344.0
10_MAS,2027,1391445555.0,,35728.0
10_MAS,2028,1449800778.0,,36102.0
10_MAS,2029,1510084857.0,,36464.0
10_MAS,2030,1572391528.0,,36815.0
10_MAS,2031,1636594090.0,,37153.0
10_MAS,2032,1702987236.0,,37478.0
10_MAS,2033,1771408428.0,,37791.0
10_MAS,2034,1842057125.0,,38091.0
10_MAS,2035,1914777127.0,,38381.0
10_MAS,2036,1988510126.0,,38659.0
10_MAS,2037,2064280352.0,,38925.0
10_MAS,2038,2142014094.0,,39181.0
10_MAS,2039,2221550062.0,,39429.0
10_MAS,2040,2302929229.0,,39668.0
10_MAS,2041,2385227212.0,,39900.0
10_MAS,2042,2469225371.0,,40124.0
10_MAS,2043,2555241485.0,,40341.0
10_MAS,2044,2642997976.0,,40554.0
10_MAS,2045,2732576904.0,,40761.0
10_MAS,2046,2821931807.0,,40964.0
10_MAS,2047,2912589840.0,,41162.0
10_MAS,2048,3004664171.0,,41356.0
10_MAS,2049,3097914070.0,,41545.0
10_MAS,2050,3192193894.0,,41729.0
11_MEX,2017,2359469879.0,,129163.0
11_MEX,2018,2423064928.0,,130760.0
11_MEX,2019,2488662577.0,,132328.0
11_MEX,2020,2556590943.0,,133870.0
11_MEX,2021,2627008540.0,,135384.0
11_MEX,2022,2700146947.0,,136869.0
11_MEX,2023,2776111140.0,,138322.0
11_MEX,2024,2854917200.0,,139745.0
11_MEX,2025,2937112495.0,,141132.0
11_MEX,2026,3023294578.0,,142484.0
11_MEX,2027,3114081122.0,,143801.0
11_MEX,2028,3210039340.0,,145083.0
11_MEX,2029,3311660729.0,,146329.0
11_MEX,2030,3419361890.0,,147540.0
11_MEX,2031,3533473991.0,,148716.0
11_MEX,2032,3654226262.0,,149856.0
11_MEX,2033,3781732343.0,,150959.0
11_MEX,2034,3916000285.0,,152028.0
11_MEX,2035,4056930894.0,,153061.0
11_MEX,2036,4204318922.0,,154058.0
11_MEX,2037,4357867161.0,,155018.0
11_MEX,2038,4517210602.0,,155944.0
11_MEX,2039,4681952918.0,,156835.0
11_MEX,2040,4851673587.0,,157690.0
11_MEX,2041,5025961192.0,,158510.0
11_MEX,2042,5204430223.0,,159295.0
11_MEX,2043,5386696996.0,,160045.0
11_MEX,2044,5572396061.0,,160758.0
11_MEX,2045,5761177263.0,,161436.0
11_MEX,2046,5952481071.0,,162078.0
11_MEX,2047,6145357455.0,,162682.0
11_MEX,2048,6339669440.0,,163251.0
11_MEX,2049,6535297420.0,,163783.0
11_MEX,2050,6732144268.0,,164279.0
12_NZ,2017,182280646.0,,4706.0
12_NZ,2018,186682811.0,,4749.0
12_NZ,2019,191405456.0,,4792.0
12_NZ,2020,196388262.0,,4834.0
12_NZ,2021,201568161.0,,4875.0
12_NZ,2022,206897456.0,,4916.0
12_NZ,2023,212343571.0,,4956.0
12_NZ,2024,217887368.0,,4994.0
12_NZ,2025,223518971.0,,5033.0
12_NZ,2026,229235922.0,,5070.0
12_NZ,2027,235041013.0,,5107.0
12_NZ,2028,240935991.0,,5144.0
12_NZ,2029,246919467.0,,5178.0
12_NZ,2030,252990272.0,,5213.0
12_NZ,2031,259149179.0,,5246.0
12_NZ,2032,265399963.0,,5279.0
12_NZ,2033,271747490.0,,5310.0
12_NZ,2034,278196682.0,,5340.0
12_NZ,2035,284752565.0,,5370.0
12_NZ,2036,291419540.0,,5398.0
12_NZ,2037,298201206.0,,5425.0
12_NZ,2038,305098762.0,,5451.0
12_NZ,2039,312109627.0,,5477.0
12_NZ,2040,319230300.0,,5502.0
12_NZ,2041,326460074.0,,5526.0
12_NZ,2042,333803580.0,,5549.0
12_NZ,2043,341264267.0,,5572.0
12_NZ,2044,348841409.0,,5593.0
12_NZ,2045,356531648.0,,5614.0
12_NZ,2046,364331912.0,,5635.0
12_NZ,2047,372242296.0,,5656.0
12_NZ,2048,380262050.0,,5675.0
12_NZ,2049,388389002.0,,5694.0
12_NZ,2050,396619420.0,,5711.0
13_PNG,2017,33239629.0,,8251.0
13_PNG,2018,34876684.0,,8418.0
13_PNG,2019,36665141.0,,8587.0
13_PNG,2020,38639171.0,,8756.0
13_PNG,2021,40725454.0,,8926.0
13_PNG,2022,43001855.0,,9097.0
13_PNG,2023,45470345.0,,9268.0
13_PNG,2024,48128000.0,,9442.0
13_PNG,2025,50979655.0,,9614.0
13_PNG,2026,53924221.0,,9788.0
13_PNG,2027,57051063.0,,9962.0
13_PNG,2028,60365946.0,,10137.0
13_PNG,2029,63871411.0,,10312.0
13_PNG,2030,67577870.0,,10487.0
13_PNG,2031,71378002.0,,10662.0
13_PNG,2032,75372457.0,,10837.0
13_PNG,2033,79568047.0,,11012.0
13_PNG,2034,83972633.0,,11187.0
13_PNG,2035,88601819.0,,11362.0
13_PNG,2036,93356140.0,,11536.0
13_PNG,2037,98328701.0,,11709.0
13_PNG,2038,103540639.0,,11881.0
13_PNG,2039,108995767.0,,12053.0
13_PNG,2040,114708172.0,,12224.0
13_PNG,2041,120512161.0,,12394.0
13_PNG,2042,126570927.0,,12564.0
13_PNG,2043,132883665.0,,12732.0
13_PNG,2044,139463662.0,,12899.0
13_PNG,2045,146324400.0,,13064.0
13_PNG,2046,153271845.0,,13228.0
13_PNG,2047,160485366.0,,13391.0
13_PNG,2048,167977746.0,,13553.0
13_PNG,2049,175756311.0,,13713.0
13_PNG,2050,183827870.0,,13871.0
14_PE,2017,414733744.0,,32165.0
14_PE,2018,432931493.0,,32552.0
14_PE,2019,451589302.0,,32933.0
14_PE,2020,470556533.0,,33312.0
14_PE,2021,489665503.0,,33686.0
14_PE,2022,508982911.0,,34055.0
14_PE,2023,528560340.0,,34419.0
14_PE,2024,548354167.0,,34778.0
14_PE,2025,568364402.0,,35130.0
14_PE,2026,588592038.0,,35478.0
14_PE,2027,609064073.0,,35821.0
14_PE,2028,629829321.0,,36156.0
14_PE,2029,650891241.0,,36485.0
14_PE,2030,672290456.0,,36807.0
14_PE,2031,693843365.0,,37120.0
14_PE,2032,715724740.0,,37426.0
14_PE,2033,737936626.0,,37725.0
14_PE,2034,760462646.0,,38015.0
14_PE,2035,783318477.0,,38299.0
14_PE,2036,806433252.0,,38575.0
14_PE,2037,829886119.0,,38844.0
14_PE,2038,853642220.0,,39106.0
14_PE,2039,877682861.0,,39359.0
14_PE,2040,902032396.0,,39607.0
14_PE,2041,927409574.0,,39845.0
14_PE,2042,953146555.0,,40076.0
14_PE,2043,979251410.0,,40299.0
14_PE,2044,1005700078.0,,40514.0
14_PE,2045,1032497892.0,,40720.0
14_PE,2046,1059931689.0,,40917.0
14_PE,2047,1087807946.0,,41106.0
14_PE,2048,1115972908.0,,41286.0
14_PE,2049,1144533167.0,,41458.0
14_PE,2050,1173461229.0,,41621.0
15_RP,2017,840102554.0,,104918.0
15_RP,2018,883439610.0,,106512.0
15_RP,2019,929829707.0,,108106.0
15_RP,2020,979489573.0,,109703.0
15_RP,2021,1032195558.0,,111303.0
15_RP,2022,1088467794.0,,112902.0
15_RP,2023,1148052439.0,,114497.0
15_RP,2024,1210949686.0,,116086.0
15_RP,2025,1277063575.0,,117665.0
15_RP,2026,1345597406.0,,119232.0
15_RP,2027,1417139493.0,,120789.0
15_RP,2028,1491768516.0,,122332.0
15_RP,2029,1569448557.0,,123860.0
15_RP,2030,1650104419.0,,125372.0
15_RP,2031,1733122607.0,,126868.0
15_RP,2032,1819035626.0,,128346.0
15_RP,2033,1907918139.0,,129807.0
15_RP,2034,1999717837.0,,131247.0
15_RP,2035,2094608497.0,,132667.0
15_RP,2036,2191042509.0,,134067.0
15_RP,2037,2290316706.0,,135445.0
15_RP,2038,2392428470.0,,136801.0
15_RP,2039,2497461520.0,,138135.0
15_RP,2040,2605235720.0,,139448.0
15_RP,2041,2714859752.0,,140737.0
15_RP,2042,2827222410.0,,142004.0
15_RP,2043,2942324096.0,,143248.0
15_RP,2044,3060223209.0,,144468.0
15_RP,2045,3180695029.0,,145665.0
15_RP,2046,3302176887.0,,146837.0
15_RP,2047,3426215905.0,,147986.0
15_RP,2048,3552719374.0,,149111.0
15_RP,2049,3681638591.0,,150213.0
15_RP,2050,3812881011.0,,151293.0
16_RUS,2017,3831919060.0,,143989.0
16_RUS,2018,3970161309.0,,143965.0
16_RUS,2019,4100894051.0,,143895.0
16_RUS,2020,4227123346.0,,143787.0
16_RUS,2021,4351665391.0,,143636.0
16_RUS,2022,4476521508.0,,143442.0
16_RUS,2023,4602990138.0,,143204.0
16_RUS,2024,4731838474.0,,142925.0
16_RUS,2025,4863433859.0,,142607.0
16_RUS,2026,4997824368.0,,142254.0
16_RUS,2027,5134736241.0,,141866.0
16_RUS,2028,5273529221.0,,141448.0
16_RUS,2029,5413199016.0,,141006.0
16_RUS,2030,5552444156.0,,140544.0
16_RUS,2031,5689705503.0,,140063.0
16_RUS,2032,5823179932.0,,139569.0
16_RUS,2033,5950780590.0,,139068.0
16_RUS,2034,6070005041.0,,138569.0
16_RUS,2035,6179099594.0,,138077.0
16_RUS,2036,6276531456.0,,137595.0
16_RUS,2037,6361060976.0,,137127.0
16_RUS,2038,6431949607.0,,136676.0
16_RUS,2039,6489104044.0,,136244.0
16_RUS,2040,6533191263.0,,135837.0
16_RUS,2041,6565698697.0,,135453.0
16_RUS,2042,6588875855.0,,135094.0
16_RUS,2043,6605650713.0,,134755.0
16_RUS,2044,6619515313.0,,134434.0
16_RUS,2045,6634323157.0,,134128.0
16_RUS,2046,6654065263.0,,133833.0
16_RUS,2047,6682588232.0,,133550.0
16_RUS,2048,6723388366.0,,133274.0
16_RUS,2049,6779441533.0,,133002.0
16_RUS,2050,6853000162.0,,132730.0
17_SIN,2017,505822080.0,,5709.0
17_SIN,2018,527087518.0,,5792.0
17_SIN,2019,548996855.0,,5868.0
17_SIN,2020,570767354.0,,5935.0
17_SIN,2021,592633177.0,,5991.0
17_SIN,2022,614391089.0,,6040.0
17_SIN,2023,636166049.0,,6081.0
17_SIN,2024,658110871.0,,6119.0
17_SIN,2025,680301410.0,,6157.0
17_SIN,2026,702718125.0,,6196.0
17_SIN,2027,725193852.0,,6234.0
17_SIN,2028,747750054.0,,6273.0
17_SIN,2029,770432582.0,,6308.0
17_SIN,2030,793250941.0,,6342.0
17_SIN,2031,815107528.0,,6374.0
17_SIN,2032,837079274.0,,6403.0
17_SIN,2033,859222549.0,,6431.0
17_SIN,2034,881486976.0,,6456.0
17_SIN,2035,903975793.0,,6480.0
17_SIN,2036,927446501.0,,6501.0
17_SIN,2037,951280436.0,,6520.0
17_SIN,2038,975362265.0,,6536.0
17_SIN,2039,999646305.0,,6551.0
17_SIN,2040,1024097294.0,,6563.0
17_SIN,2041,1048308222.0,,6573.0
17_SIN,2042,1072518765.0,,6581.0
17_SIN,2043,1096849594.0,,6587.0
17_SIN,2044,1121332634.0,,6590.0
17_SIN,2045,1146133994.0,,6592.0
17_SIN,2046,1171355261.0,,6592.0
17_SIN,2047,1197216295.0,,6591.0
17_SIN,2048,1223451954.0,,6587.0
17_SIN,2049,1249956195.0,,6581.0
17_SIN,2050,1276627451.0,,6575.0
18_CT,2017,1144778022.0,,23626.0
18_CT,2018,1174226278.0,,23694.0
18_CT,2019,1204332586.0,,23758.0
18_CT,2020,1235324727.0,,23817.0
18_CT,2021,1265025797.0,,23873.0
18_CT,2022,1295170881.0,,23923.0
18_CT,2023,1322525180.0,,23968.0
18_CT,2024,1349552027.0,,24009.0
18_CT,2025,1376402957.0,,24045.0
18_CT,2026,1400846239.0,,24077.0
18_CT,2027,1425027439.0,,24103.0
18_CT,2028,1446775432.0,,24125.0
18_CT,2029,1467079314.0,,24141.0
18_CT,2030,1485206001.0,,24151.0
18_CT,2031,1502267630.0,,24155.0
18_CT,2032,1520444892.0,,24153.0
18_CT,2033,1535637137.0,,24144.0
18_CT,2034,1549083343.0,,24127.0
18_CT,2035,1560158588.0,,24100.0
18_CT,2036,1570966686.0,,24065.0
18_CT,2037,1582813217.0,,24020.0
18_CT,2038,1591959037.0,,23965.0
18_CT,2039,1599821357.0,,23902.0
18_CT,2040,1606341777.0,,23831.0
18_CT,2041,1611318640.0,,23750.0
18_CT,2042,1616037674.0,,23662.0
18_CT,2043,1619098482.0,,23567.0
18_CT,2044,1621472722.0,,23466.0
18_CT,2045,1622919032.0,,23360.0
18_CT,2046,1624577160.0,,23249.0
18_CT,2047,1625374831.0,,23134.0
18_CT,2048,1625967558.0,,23016.0
18_CT,2049,1626451438.0,,22895.0
18_CT,2050,1625961729.0,,22771.0
19_THA,2017,1184110263.0,,69038.0
19_THA,2018,1226986583.0,,69184.0
19_THA,2019,1271764010.0,,69306.0
19_THA,2020,1318616112.0,,69411.0
19_THA,2021,1368016320.0,,69498.0
19_THA,2022,1419641224.0,,69568.0
19_THA,2023,1473635212.0,,69620.0
19_THA,2024,1529900194.0,,69660.0
19_THA,2025,1588612084.0,,69685.0
19_THA,2026,1649893673.0,,69699.0
19_THA,2027,1713549542.0,,69701.0
19_THA,2028,1779582944.0,,69690.0
19_THA,2029,1847832012.0,,69665.0
19_THA,2030,1918306719.0,,69626.0
19_THA,2031,1991210797.0,,69572.0
19_THA,2032,2066292733.0,,69504.0
19_THA,2033,2143526174.0,,69419.0
19_THA,2034,2222858561.0,,69318.0
19_THA,2035,2304296700.0,,69200.0
19_THA,2036,2388871342.0,,69063.0
19_THA,2037,2475636146.0,,68908.0
19_THA,2038,2564705606.0,,68737.0
19_THA,2039,2655836453.0,,68546.0
19_THA,2040,2749159425.0,,68339.0
19_THA,2041,2844307969.0,,68113.0
19_THA,2042,2941518354.0,,67872.0
19_THA,2043,3041043141.0,,67613.0
19_THA,2044,3142837947.0,,67337.0
19_THA,2045,3246862848.0,,67046.0
19_THA,2046,3353241131.0,,66739.0
19_THA,2047,3462032920.0,,66417.0
19_THA,2048,3573490528.0,,66081.0
19_THA,2049,3687566327.0,,65733.0
19_THA,2050,3804488729.0,,65372.0
20_USA,2017,18610635383.0,,324459.0
20_USA,2018,19124824557.0,,326767.0
20_USA,2019,19629753518.0,,329093.0
20_USA,2020,20133209032.0,,331432.0
20_USA,2021,20639388992.0,,333784.0
20_USA,2022,21150427784.0,,336150.0
20_USA,2023,21667511159.0,,338524.0
20_USA,2024,22191525582.0,,340895.0
20_USA,2025,22723298420.0,,343256.0
20_USA,2026,23263858108.0,,345602.0
20_USA,2027,23814335904.0,,347930.0
20_USA,2028,24375097729.0,,350230.0
20_USA,2029,24942329790.0,,352494.0
20_USA,2030,25510844731.0,,354712.0
20_USA,2031,26080027713.0,,356880.0
20_USA,2032,26649525333.0,,358997.0
20_USA,2033,27218948086.0,,361061.0
20_USA,2034,27787665911.0,,363074.0
20_USA,2035,28355032678.0,,365034.0
20_USA,2036,28920562213.0,,366942.0
20_USA,2037,29484044064.0,,368797.0
20_USA,2038,30045410866.0,,370602.0
20_USA,2039,30604507656.0,,372358.0
20_USA,2040,31161256121.0,,374069.0
20_USA,2041,31715955028.0,,375735.0
20_USA,2042,32269294086.0,,377360.0
20_USA,2043,32821922065.0,,378950.0
20_USA,2044,33374286046.0,,380515.0
20_USA,2045,33926657203.0,,382059.0
20_USA,2046,34479353203.0,,383588.0
20_USA,2047,35032786923.0,,385103.0
20_USA,2048,35587155727.0,,386607.0
20_USA,2049,36142430310.0,,388103.0
20_USA,2050,36698375432.0,,389592.0
21_VN,2017,621328648.0,,95540.0
21_VN,2018,652687294.0,,96491.0
21_VN,2019,685763561.0,,97429.0
21_VN,2020,720781018.0,,98360.0
21_VN,2021,757623258.0,,99284.0
21_VN,2022,796574601.0,,100195.0
21_VN,2023,837478655.0,,101084.0
21_VN,2024,880373555.0,,101943.0
21_VN,2025,925207392.0,,102764.0
21_VN,2026,972626941.0,,103543.0
21_VN,2027,1022181442.0,,104284.0
21_VN,2028,1073836905.0,,104986.0
21_VN,2029,1127696005.0,,105652.0
21_VN,2030,1183770150.0,,106284.0
21_VN,2031,1242320367.0,,106881.0
21_VN,2032,1303166447.0,,107445.0
21_VN,2033,1366292796.0,,107981.0
21_VN,2034,1431658590.0,,108494.0
21_VN,2035,1499128156.0,,108989.0
21_VN,2036,1568950797.0,,109466.0
21_VN,2037,1641056954.0,,109928.0
21_VN,2038,1715334213.0,,110375.0
21_VN,2039,1791710292.0,,110808.0
21_VN,2040,1870062523.0,,111229.0
21_VN,2041,1949720410.0,,111638.0
21_VN,2042,2031345505.0,,112037.0
21_VN,2043,2114859365.0,,112421.0
21_VN,2044,2199947176.0,,112791.0
21_VN,2045,2286707814.0,,113145.0
21_VN,2046,2374391455.0,,113481.0
21_VN,2047,2463571507.0,,113800.0
21_VN,2048,2554307334.0,,114099.0
21_VN,2049,2646882824.0,,114376.0
21_VN,2050,2741544993.0,,114630.0
