Economy,variable,value
01_AUS,1990,17.042
02_BD,1990,0.258
03_CDA,1990,27.692
04_CHL,1990,13.242
05_PRC,1990,1172.446
06_HKC,1990,5.782
07_INA,1990,181.437
08_JPN,1990,124.516
09_ROK,1990,42.923
10_MAS,1990,18.038
11_MEX,1990,85.358
12_NZ,1990,3.399
13_PNG,1990,4.313
14_PE,1990,21.827
15_RP,1990,61.948
16_RUS,1990,147.564
17_SIN,1990,3.013
18_CT,1990,20.311
19_THA,1990,56.583
20_USA,1990,252.53
21_VN,1990,68.21
27_WOR,1990,5330.94346
01_AUS,1991,17.272
02_BD,1991,0.266
03_CDA,1991,28.045
04_CHL,1991,13.457
05_PRC,1991,1189.184
06_HKC,1991,5.854
07_INA,1991,184.616
08_JPN,1991,124.94
09_ROK,1991,43.378
10_MAS,1991,18.53
11_MEX,1991,87.071
12_NZ,1991,3.446
13_PNG,1991,4.423
14_PE,1991,22.283
15_RP,1991,63.508
16_RUS,1991,148.035
17_SIN,1991,3.097
18_CT,1991,20.518
19_THA,1991,57.258
20_USA,1991,254.975
21_VN,1991,69.67
27_WOR,1991,5418.758803000001
01_AUS,1992,17.486
02_BD,1992,0.274
03_CDA,1992,28.385
04_CHL,1992,13.671
05_PRC,1992,1204.004
06_HKC,1992,5.92
07_INA,1992,187.766
08_JPN,1992,125.341
09_ROK,1992,43.853
10_MAS,1992,19.013
11_MEX,1992,88.828
12_NZ,1992,3.504
13_PNG,1992,4.535
14_PE,1992,22.737
15_RP,1992,65.075
16_RUS,1992,148.318
17_SIN,1992,3.189
18_CT,1992,20.717
19_THA,1992,57.838
20_USA,1992,257.455
21_VN,1992,71.13
27_WOR,1992,5504.401149
01_AUS,1993,17.688
02_BD,1993,0.281
03_CDA,1993,28.711
04_CHL,1993,13.883
05_PRC,1993,1217.129
06_HKC,1993,5.984
07_INA,1993,190.88
08_JPN,1993,125.717
09_ROK,1993,44.341
10_MAS,1993,19.495
11_MEX,1993,90.601
12_NZ,1993,3.565
13_PNG,1993,4.651
14_PE,1993,23.184
15_RP,1993,66.65
16_RUS,1993,148.431
17_SIN,1993,3.288
18_CT,1993,20.903
19_THA,1993,58.365
20_USA,1993,260.02
21_VN,1993,72.561
27_WOR,1993,5588.094837000001
01_AUS,1994,17.883
02_BD,1994,0.29
03_CDA,1994,29.027
04_CHL,1994,14.091
05_PRC,1994,1228.992
06_HKC,1994,6.055
07_INA,1994,193.945
08_JPN,1994,126.063
09_ROK,1994,44.826
10_MAS,1994,19.987
11_MEX,1994,92.349
12_NZ,1994,3.623
13_PNG,1994,4.771
14_PE,1994,23.619
15_RP,1994,68.236
16_RUS,1994,148.412
17_SIN,1994,3.385
18_CT,1994,21.074
19_THA,1994,58.901
20_USA,1994,262.741
21_VN,1994,73.925
27_WOR,1994,5670.319703
01_AUS,1995,18.077
02_BD,1995,0.297
03_CDA,1995,29.33
04_CHL,1995,14.297
05_PRC,1995,1239.94
06_HKC,1995,6.14
07_INA,1995,196.958
08_JPN,1995,126.376
09_ROK,1995,45.298
10_MAS,1995,20.496
11_MEX,1995,94.045
12_NZ,1995,3.675
13_PNG,1995,4.894
14_PE,1995,24.039
15_RP,1995,69.836
16_RUS,1995,148.289
17_SIN,1995,3.479
18_CT,1995,21.229
19_THA,1995,59.491
20_USA,1995,265.659
21_VN,1995,75.199
27_WOR,1995,5751.474416
01_AUS,1996,18.272
02_BD,1996,0.304
03_CDA,1996,29.622
04_CHL,1996,14.498
05_PRC,1996,1249.981
06_HKC,1996,6.242
07_INA,1996,199.914
08_JPN,1996,126.654
09_ROK,1996,45.757
10_MAS,1996,21.023
11_MEX,1996,95.687
12_NZ,1996,3.717
13_PNG,1996,5.022
14_PE,1996,24.441
15_RP,1996,71.446
16_RUS,1996,148.074
17_SIN,1996,3.566
18_CT,1996,21.364
19_THA,1996,60.152
20_USA,1996,268.803
21_VN,1996,76.373
27_WOR,1996,5831.56502
01_AUS,1997,18.468
02_BD,1997,0.312
03_CDA,1997,29.903
04_CHL,1997,14.695
05_PRC,1997,1259.067
06_HKC,1997,6.357
07_INA,1997,202.827
08_JPN,1997,126.902
09_ROK,1997,46.202
10_MAS,1997,21.566
11_MEX,1997,97.282
12_NZ,1997,3.752
13_PNG,1997,5.155
14_PE,1997,24.828
15_RP,1997,73.065
16_RUS,1997,147.769
17_SIN,1997,3.65
18_CT,1997,21.484
19_THA,1997,60.863
20_USA,1997,272.137
21_VN,1997,77.454
27_WOR,1997,5910.566295
01_AUS,1998,18.665
02_BD,1998,0.319
03_CDA,1998,30.178
04_CHL,1998,14.887
05_PRC,1998,1267.442
06_HKC,1998,6.473
07_INA,1998,205.715
08_JPN,1998,127.128
09_ROK,1998,46.627
10_MAS,1998,22.114
11_MEX,1998,98.822
12_NZ,1998,3.784
13_PNG,1998,5.291
14_PE,1998,25.2
15_RP,1998,74.694
16_RUS,1998,147.381
17_SIN,1998,3.732
18_CT,1998,21.596
19_THA,1998,61.598
20_USA,1998,275.543
21_VN,1998,78.453
27_WOR,1998,5988.846103
01_AUS,1999,18.864
02_BD,1999,0.326
03_CDA,1999,30.454
04_CHL,1999,15.077
05_PRC,1999,1275.407
06_HKC,1999,6.579
07_INA,1999,208.612
08_JPN,1999,127.336
09_ROK,1999,47.023
10_MAS,1999,22.656
11_MEX,1999,100.3
12_NZ,1999,3.819
13_PNG,1999,5.431
14_PE,1999,25.561
15_RP,1999,76.335
16_RUS,1999,146.92
17_SIN,1999,3.819
18_CT,1999,21.711
19_THA,1999,62.307
20_USA,1999,278.862
21_VN,1999,79.391
27_WOR,1999,6066.867391
01_AUS,2000,19.066
02_BD,2000,0.333
03_CDA,2000,30.736
04_CHL,2000,15.263
05_PRC,2000,1283.199
06_HKC,2000,6.663
07_INA,2000,211.54
08_JPN,2000,127.534
09_ROK,2000,47.387
10_MAS,2000,23.186
11_MEX,2000,101.72
12_NZ,2000,3.859
13_PNG,2000,5.572
14_PE,2000,25.915
15_RP,2000,77.991
16_RUS,2000,146.396
17_SIN,2000,3.914
18_CT,2000,21.84
19_THA,2000,62.958
20_USA,2000,281.982
21_VN,2000,80.285
27_WOR,2000,6145.006989
01_AUS,2001,19.269
02_BD,2001,0.34
03_CDA,2001,31.025
04_CHL,2001,15.445
05_PRC,2001,1290.938
06_HKC,2001,6.722
07_INA,2001,214.506
08_JPN,2001,127.723
09_ROK,2001,47.713
10_MAS,2001,23.699
11_MEX,2001,103.067
12_NZ,2001,3.908
13_PNG,2001,5.717
14_PE,2001,26.262
15_RP,2001,79.666
16_RUS,2001,145.815
17_SIN,2001,4.019
18_CT,2001,21.985
19_THA,2001,63.543
20_USA,2001,284.852
21_VN,2001,81.14
27_WOR,2001,6223.412158
01_AUS,2002,19.475
02_BD,2002,0.347
03_CDA,2002,31.321
04_CHL,2002,15.623
05_PRC,2002,1298.647
06_HKC,2002,6.759
07_INA,2002,217.508
08_JPN,2002,127.902
09_ROK,2002,48.004
10_MAS,2002,24.199
11_MEX,2002,104.356
12_NZ,2002,3.964
13_PNG,2002,5.862
14_PE,2002,26.601
15_RP,2002,81.352
16_RUS,2002,145.195
17_SIN,2002,4.131
18_CT,2002,22.143
19_THA,2002,64.073
20_USA,2002,287.507
21_VN,2002,81.956
27_WOR,2002,6302.149639
01_AUS,2003,19.697
02_BD,2003,0.353
03_CDA,2003,31.628
04_CHL,2003,15.8
05_PRC,2003,1306.344
06_HKC,2003,6.782
07_INA,2003,220.546
08_JPN,2003,128.068
09_ROK,2003,48.265
10_MAS,2003,24.688
11_MEX,2003,105.64
12_NZ,2003,4.022
13_PNG,2003,6.011
14_PE,2003,26.938
15_RP,2003,83.032
16_RUS,2003,144.585
17_SIN,2003,4.249
18_CT,2003,22.307
19_THA,2003,64.555
20_USA,2003,290.027
21_VN,2003,82.748
27_WOR,2003,6381.408987
01_AUS,2004,19.949
02_BD,2004,0.36
03_CDA,2004,31.95
04_CHL,2004,15.974
05_PRC,2004,1314.007
06_HKC,2004,6.803
07_INA,2004,223.615
08_JPN,2004,128.213
09_ROK,2004,48.498
10_MAS,2004,25.174
11_MEX,2004,106.996
12_NZ,2004,4.081
13_PNG,2004,6.162
14_PE,2004,27.273
15_RP,2004,84.679
16_RUS,2004,144.045
17_SIN,2004,4.37
18_CT,2004,22.462
19_THA,2004,65.002
20_USA,2004,292.539
21_VN,2004,83.528
27_WOR,2004,6461.370865
01_AUS,2005,20.239
02_BD,2005,0.365
03_CDA,2005,32.288
04_CHL,2005,16.147
05_PRC,2005,1321.623
06_HKC,2005,6.828
07_INA,2005,226.713
08_JPN,2005,128.335
09_ROK,2005,48.709
10_MAS,2005,25.66
11_MEX,2005,108.473
12_NZ,2005,4.136
13_PNG,2005,6.315
14_PE,2005,27.61
15_RP,2005,86.275
16_RUS,2005,143.618
17_SIN,2005,4.491
18_CT,2005,22.603
19_THA,2005,65.425
20_USA,2005,295.13
21_VN,2005,84.309
27_WOR,2005,6542.159383
01_AUS,2006,20.573
02_BD,2006,0.371
03_CDA,2006,32.646
04_CHL,2006,16.319
05_PRC,2006,1329.209
06_HKC,2006,6.861
07_INA,2006,229.838
08_JPN,2006,128.433
09_ROK,2006,48.895
10_MAS,2006,26.144
11_MEX,2006,110.092
12_NZ,2006,4.186
13_PNG,2006,6.47
14_PE,2006,27.95
15_RP,2006,87.809
16_RUS,2006,143.323
17_SIN,2006,4.612
18_CT,2006,22.726
19_THA,2006,65.824
20_USA,2006,297.827
21_VN,2006,85.095
27_WOR,2006,6623.847913
01_AUS,2007,20.947
02_BD,2007,0.374
03_CDA,2007,33.02
04_CHL,2007,16.491
05_PRC,2007,1336.8
06_HKC,2007,6.898
07_INA,2007,232.99
08_JPN,2007,128.506
09_ROK,2007,49.062
10_MAS,2007,26.626
11_MEX,2007,111.836
12_NZ,2007,4.233
13_PNG,2007,6.628
14_PE,2007,28.293
15_RP,2007,89.293
16_RUS,2007,143.15
17_SIN,2007,4.732
18_CT,2007,22.833
19_THA,2007,66.196
20_USA,2007,300.595
21_VN,2007,85.889
27_WOR,2007,6706.418593
01_AUS,2008,21.343
02_BD,2008,0.379
03_CDA,2008,33.405
04_CHL,2008,16.661
05_PRC,2008,1344.415
06_HKC,2008,6.94
07_INA,2008,236.159
08_JPN,2008,128.551
09_ROK,2008,49.219
10_MAS,2008,27.111
11_MEX,2008,113.662
12_NZ,2008,4.278
13_PNG,2008,6.787
14_PE,2008,28.642
15_RP,2008,90.752
16_RUS,2008,143.083
17_SIN,2008,4.851
18_CT,2008,22.929
19_THA,2008,66.546
20_USA,2008,303.374
21_VN,2008,86.707
27_WOR,2008,6789.77125300001
01_AUS,2009,21.739
02_BD,2009,0.384
03_CDA,2009,33.79
04_CHL,2009,16.829
05_PRC,2009,1352.068
06_HKC,2009,6.983
07_INA,2009,239.34
08_JPN,2009,128.566
09_ROK,2009,49.379
10_MAS,2009,27.605
11_MEX,2009,115.505
12_NZ,2009,4.324
13_PNG,2009,6.947
14_PE,2009,29.001
15_RP,2009,92.221
16_RUS,2009,143.093
17_SIN,2009,4.966
18_CT,2009,23.017
19_THA,2009,66.881
20_USA,2009,306.076
21_VN,2009,87.565
27_WOR,2009,6873.741053999999
01_AUS,2010,22.12
02_BD,2010,0.389
03_CDA,2010,34.168
04_CHL,2010,16.993
05_PRC,2010,1359.755
06_HKC,2010,7.025
07_INA,2010,242.524
08_JPN,2010,128.552
09_ROK,2010,49.552
10_MAS,2010,28.112
11_MEX,2010,117.319
12_NZ,2010,4.37
13_PNG,2010,7.108
14_PE,2010,29.374
15_RP,2010,93.727
16_RUS,2010,143.154
17_SIN,2010,5.074
18_CT,2010,23.102
19_THA,2010,67.209
20_USA,2010,308.642
21_VN,2010,88.472
27_WOR,2010,6958.169159
01_AUS,2011,22.48
02_BD,2011,0.394
03_CDA,2011,34.539
04_CHL,2011,17.153
05_PRC,2011,1367.48
06_HKC,2011,7.065
07_INA,2011,245.707
08_JPN,2011,128.506
09_ROK,2011,49.745
10_MAS,2011,28.635
11_MEX,2011,119.09
12_NZ,2011,4.418
13_PNG,2011,7.269
14_PE,2011,29.76
15_RP,2011,95.278
16_RUS,2011,143.264
17_SIN,2011,5.176
18_CT,2011,23.185
19_THA,2011,67.53
20_USA,2011,311.052
21_VN,2011,89.437
27_WOR,2011,7043.008586
01_AUS,2012,22.822
02_BD,2012,0.399
03_CDA,2012,34.901
04_CHL,2012,17.31
05_PRC,2012,1375.199
06_HKC,2012,7.106
07_INA,2012,248.883
08_JPN,2012,128.426
09_ROK,2012,49.953
10_MAS,2012,29.171
11_MEX,2012,120.829
12_NZ,2012,4.467
13_PNG,2012,7.431
14_PE,2012,30.159
15_RP,2012,96.866
16_RUS,2012,143.421
17_SIN,2012,5.271
18_CT,2012,23.264
19_THA,2012,67.844
20_USA,2012,313.336
21_VN,2012,90.452
27_WOR,2012,7128.1769349999995
01_AUS,2013,23.151
02_BD,2013,0.405
03_CDA,2013,35.256
04_CHL,2013,17.463
05_PRC,2013,1382.793
06_HKC,2013,7.149
07_INA,2013,252.033
08_JPN,2013,128.313
09_ROK,2013,50.169
10_MAS,2013,29.706
11_MEX,2013,122.536
12_NZ,2013,4.518
13_PNG,2013,7.593
14_PE,2013,30.566
15_RP,2013,98.481
16_RUS,2013,143.598
17_SIN,2013,5.361
18_CT,2013,23.34
19_THA,2013,68.143
20_USA,2013,315.536
21_VN,2013,91.497
27_WOR,2013,7213.426452
01_AUS,2014,23.474
02_BD,2014,0.411
03_CDA,2014,35.605
04_CHL,2014,17.614
05_PRC,2014,1390.11
06_HKC,2014,7.194
07_INA,2014,255.131
08_JPN,2014,128.162
09_ROK,2014,50.386
10_MAS,2014,30.228
11_MEX,2014,124.222
12_NZ,2014,4.567
13_PNG,2014,7.756
14_PE,2014,30.973
15_RP,2014,100.102
16_RUS,2014,143.761
17_SIN,2014,5.448
18_CT,2014,23.414
19_THA,2014,68.417
20_USA,2014,317.719
21_VN,2014,92.545
27_WOR,2014,7298.453033
01_AUS,2015,23.8
02_BD,2015,0.417
03_CDA,2015,35.949
04_CHL,2015,17.763
05_PRC,2015,1397.029
06_HKC,2015,7.246
07_INA,2015,258.162
08_JPN,2015,127.975
09_ROK,2015,50.594
10_MAS,2015,30.723
11_MEX,2015,125.891
12_NZ,2015,4.615
13_PNG,2015,7.92
14_PE,2015,31.377
15_RP,2015,101.716
16_RUS,2015,143.888
17_SIN,2015,5.535
18_CT,2015,23.486
19_THA,2015,68.657
20_USA,2015,319.929
21_VN,2015,93.572
27_WOR,2015,7383.00882
01_AUS,2016,24.125
02_BD,2016,0.423
03_CDA,2016,36.29
04_CHL,2016,17.91
05_PRC,2016,1403.5
06_HKC,2016,7.303
07_INA,2016,261.115
08_JPN,2016,127.749
09_ROK,2016,50.791
10_MAS,2016,31.187
11_MEX,2016,127.541
12_NZ,2016,4.661
13_PNG,2016,8.085
14_PE,2016,31.774
15_RP,2016,103.32
16_RUS,2016,143.965
17_SIN,2016,5.623
18_CT,2016,23.557
19_THA,2016,68.864
20_USA,2016,322.179
21_VN,2016,94.569
27_WOR,2016,7468.5442229655855
01_AUS,2017,24.451
02_BD,2017,0.429
03_CDA,2017,36.624
04_CHL,2017,18.055
05_PRC,2017,1409.517
06_HKC,2017,7.365
07_INA,2017,263.991
08_JPN,2017,127.484
09_ROK,2017,50.982
10_MAS,2017,31.624
11_MEX,2017,129.163
12_NZ,2017,4.706
13_PNG,2017,8.251
14_PE,2017,32.165
15_RP,2017,104.918
16_RUS,2017,143.989
17_SIN,2017,5.709
18_CT,2017,23.626
19_THA,2017,69.038
20_USA,2017,324.459
21_VN,2017,95.54
27_WOR,2017,7555.0705911783825
01_AUS,2018,24.772
02_BD,2018,0.434
03_CDA,2018,36.954
04_CHL,2018,18.197
05_PRC,2018,1415.046
06_HKC,2018,7.429
07_INA,2018,266.795
08_JPN,2018,127.185
09_ROK,2018,51.164
10_MAS,2018,32.043
11_MEX,2018,130.76
12_NZ,2018,4.749
13_PNG,2018,8.418
14_PE,2018,32.552
15_RP,2018,106.512
16_RUS,2018,143.965
17_SIN,2018,5.792
18_CT,2018,23.694
19_THA,2018,69.184
20_USA,2018,326.767
21_VN,2018,96.491
27_WOR,2018,
01_AUS,2019,25.089
02_BD,2019,0.439
03_CDA,2019,37.28
04_CHL,2019,18.336
05_PRC,2019,1420.062
06_HKC,2019,7.491
07_INA,2019,269.537
08_JPN,2019,126.855
09_ROK,2019,51.339
10_MAS,2019,32.455
11_MEX,2019,132.328
12_NZ,2019,4.792
13_PNG,2019,8.587
14_PE,2019,32.933
15_RP,2019,108.106
16_RUS,2019,143.895
17_SIN,2019,5.868
18_CT,2019,23.758
19_THA,2019,69.306
20_USA,2019,329.093
21_VN,2019,97.429
27_WOR,2019,
01_AUS,2020,25.398
02_BD,2020,0.445
03_CDA,2020,37.604
04_CHL,2020,18.472
05_PRC,2020,1424.548
06_HKC,2020,7.548
07_INA,2020,272.223
08_JPN,2020,126.495
09_ROK,2020,51.507
10_MAS,2020,32.869
11_MEX,2020,133.87
12_NZ,2020,4.834
13_PNG,2020,8.756
14_PE,2020,33.312
15_RP,2020,109.703
16_RUS,2020,143.787
17_SIN,2020,5.935
18_CT,2020,23.817
19_THA,2020,69.411
20_USA,2020,331.432
21_VN,2020,98.36
27_WOR,2020,
01_AUS,2021,25.7
02_BD,2021,0.45
03_CDA,2021,37.924
04_CHL,2021,18.605
05_PRC,2021,1428.48
06_HKC,2021,7.598
07_INA,2021,274.854
08_JPN,2021,126.109
09_ROK,2021,51.667
10_MAS,2021,33.289
11_MEX,2021,135.384
12_NZ,2021,4.875
13_PNG,2021,8.926
14_PE,2021,33.686
15_RP,2021,111.303
16_RUS,2021,143.636
17_SIN,2021,5.991
18_CT,2021,23.873
19_THA,2021,69.498
20_USA,2021,333.784
21_VN,2021,99.284
27_WOR,2021,
01_AUS,2022,25.996
02_BD,2022,0.455
03_CDA,2022,38.242
04_CHL,2022,18.734
05_PRC,2022,1431.85
06_HKC,2022,7.643
07_INA,2022,277.425
08_JPN,2022,125.697
09_ROK,2022,51.817
10_MAS,2022,33.711
11_MEX,2022,136.869
12_NZ,2022,4.916
13_PNG,2022,9.097
14_PE,2022,34.055
15_RP,2022,112.902
16_RUS,2022,143.442
17_SIN,2022,6.04
18_CT,2022,23.923
19_THA,2022,69.568
20_USA,2022,336.15
21_VN,2022,100.195
27_WOR,2022,
01_AUS,2023,26.287
02_BD,2023,0.459
03_CDA,2023,38.556
04_CHL,2023,18.859
05_PRC,2023,1434.676
06_HKC,2023,7.685
07_INA,2023,279.934
08_JPN,2023,125.259
09_ROK,2023,51.959
10_MAS,2023,34.131
11_MEX,2023,138.322
12_NZ,2023,4.956
13_PNG,2023,9.268
14_PE,2023,34.419
15_RP,2023,114.497
16_RUS,2023,143.204
17_SIN,2023,6.081
18_CT,2023,23.968
19_THA,2023,69.62
20_USA,2023,338.524
21_VN,2023,101.084
27_WOR,2023,
01_AUS,2024,26.573
02_BD,2024,0.464
03_CDA,2024,38.868
04_CHL,2024,18.98
05_PRC,2024,1436.995
06_HKC,2024,7.726
07_INA,2024,282.376
08_JPN,2024,124.796
09_ROK,2024,52.093
10_MAS,2024,34.545
11_MEX,2024,139.745
12_NZ,2024,4.994
13_PNG,2024,9.442
14_PE,2024,34.778
15_RP,2024,116.086
16_RUS,2024,142.925
17_SIN,2024,6.119
18_CT,2024,24.009
19_THA,2024,69.66
20_USA,2024,340.895
21_VN,2024,101.943
27_WOR,2024,
01_AUS,2025,26.857
02_BD,2025,0.469
03_CDA,2025,39.173
04_CHL,2025,19.099
05_PRC,2025,1438.836
06_HKC,2025,7.768
07_INA,2025,284.751
08_JPN,2025,124.31
09_ROK,2025,52.219
10_MAS,2025,34.95
11_MEX,2025,141.132
12_NZ,2025,5.033
13_PNG,2025,9.614
14_PE,2025,35.13
15_RP,2025,117.665
16_RUS,2025,142.607
17_SIN,2025,6.157
18_CT,2025,24.045
19_THA,2025,69.685
20_USA,2025,343.256
21_VN,2025,102.764
27_WOR,2025,
01_AUS,2026,27.139
02_BD,2026,0.473
03_CDA,2026,39.473
04_CHL,2026,19.214
05_PRC,2026,1440.205
06_HKC,2026,7.814
07_INA,2026,287.056
08_JPN,2026,123.801
09_ROK,2026,52.338
10_MAS,2026,35.344
11_MEX,2026,142.484
12_NZ,2026,5.07
13_PNG,2026,9.788
14_PE,2026,35.478
15_RP,2026,119.232
16_RUS,2026,142.254
17_SIN,2026,6.196
18_CT,2026,24.077
19_THA,2026,69.699
20_USA,2026,345.602
21_VN,2026,103.543
27_WOR,2026,
01_AUS,2027,27.418
02_BD,2027,0.478
03_CDA,2027,39.769
04_CHL,2027,19.327
05_PRC,2027,1441.106
06_HKC,2027,7.859
07_INA,2027,289.292
08_JPN,2027,123.272
09_ROK,2027,52.447
10_MAS,2027,35.728
11_MEX,2027,143.801
12_NZ,2027,5.107
13_PNG,2027,9.962
14_PE,2027,35.821
15_RP,2027,120.789
16_RUS,2027,141.866
17_SIN,2027,6.234
18_CT,2027,24.103
19_THA,2027,69.701
20_USA,2027,347.93
21_VN,2027,104.284
27_WOR,2027,
01_AUS,2028,27.693
02_BD,2028,0.482
03_CDA,2028,40.059
04_CHL,2028,19.435
05_PRC,2028,1441.556
06_HKC,2028,7.905
07_INA,2028,291.46
08_JPN,2028,122.724
09_ROK,2028,52.546
10_MAS,2028,36.102
11_MEX,2028,145.083
12_NZ,2028,5.144
13_PNG,2028,10.137
14_PE,2028,36.156
15_RP,2028,122.332
16_RUS,2028,141.448
17_SIN,2028,6.273
18_CT,2028,24.125
19_THA,2028,69.69
20_USA,2028,350.23
21_VN,2028,104.986
27_WOR,2028,
01_AUS,2029,27.966
02_BD,2029,0.486
03_CDA,2029,40.342
04_CHL,2029,19.538
05_PRC,2029,1441.574
06_HKC,2029,7.948
07_INA,2029,293.56
08_JPN,2029,122.161
09_ROK,2029,52.631
10_MAS,2029,36.464
11_MEX,2029,146.329
12_NZ,2029,5.178
13_PNG,2029,10.312
14_PE,2029,36.485
15_RP,2029,123.86
16_RUS,2029,141.006
17_SIN,2029,6.308
18_CT,2029,24.141
19_THA,2029,69.665
20_USA,2029,352.494
21_VN,2029,105.652
27_WOR,2029,
01_AUS,2030,28.234
02_BD,2030,0.49
03_CDA,2030,40.618
04_CHL,2030,19.638
05_PRC,2030,1441.182
06_HKC,2030,7.987
07_INA,2030,295.595
08_JPN,2030,121.58
09_ROK,2030,52.702
10_MAS,2030,36.815
11_MEX,2030,147.54
12_NZ,2030,5.213
13_PNG,2030,10.487
14_PE,2030,36.807
15_RP,2030,125.372
16_RUS,2030,140.544
17_SIN,2030,6.342
18_CT,2030,24.151
19_THA,2030,69.626
20_USA,2030,354.712
21_VN,2030,106.284
27_WOR,2030,
01_AUS,2031,28.5
02_BD,2031,0.494
03_CDA,2031,40.886
04_CHL,2031,19.731
05_PRC,2031,1440.391
06_HKC,2031,8.023
07_INA,2031,297.565
08_JPN,2031,120.988
09_ROK,2031,52.757
10_MAS,2031,37.153
11_MEX,2031,148.716
12_NZ,2031,5.246
13_PNG,2031,10.662
14_PE,2031,37.12
15_RP,2031,126.868
16_RUS,2031,140.063
17_SIN,2031,6.374
18_CT,2031,24.155
19_THA,2031,69.572
20_USA,2031,356.88
21_VN,2031,106.881
27_WOR,2031,
01_AUS,2032,28.76
02_BD,2032,0.497
03_CDA,2032,41.147
04_CHL,2032,19.82
05_PRC,2032,1439.216
06_HKC,2032,8.053
07_INA,2032,299.468
08_JPN,2032,120.382
09_ROK,2032,52.798
10_MAS,2032,37.478
11_MEX,2032,149.856
12_NZ,2032,5.279
13_PNG,2032,10.837
14_PE,2032,37.426
15_RP,2032,128.346
16_RUS,2032,139.569
17_SIN,2032,6.403
18_CT,2032,24.153
19_THA,2032,69.504
20_USA,2032,358.997
21_VN,2032,107.445
27_WOR,2032,
01_AUS,2033,29.018
02_BD,2033,0.5
03_CDA,2033,41.401
04_CHL,2033,19.903
05_PRC,2033,1437.667
06_HKC,2033,8.08
07_INA,2033,301.302
08_JPN,2033,119.766
09_ROK,2033,52.821
10_MAS,2033,37.791
11_MEX,2033,150.959
12_NZ,2033,5.31
13_PNG,2033,11.012
14_PE,2033,37.725
15_RP,2033,129.807
16_RUS,2033,139.068
17_SIN,2033,6.431
18_CT,2033,24.144
19_THA,2033,69.419
20_USA,2033,361.061
21_VN,2033,107.981
27_WOR,2033,
01_AUS,2034,29.273
02_BD,2034,0.504
03_CDA,2034,41.647
04_CHL,2034,19.983
05_PRC,2034,1435.761
06_HKC,2034,8.105
07_INA,2034,303.066
08_JPN,2034,119.138
09_ROK,2034,52.823
10_MAS,2034,38.091
11_MEX,2034,152.028
12_NZ,2034,5.34
13_PNG,2034,11.187
14_PE,2034,38.015
15_RP,2034,131.247
16_RUS,2034,138.569
17_SIN,2034,6.456
18_CT,2034,24.127
19_THA,2034,69.318
20_USA,2034,363.074
21_VN,2034,108.494
27_WOR,2034,
01_AUS,2035,29.527
02_BD,2035,0.507
03_CDA,2035,41.888
04_CHL,2035,20.059
05_PRC,2035,1433.509
06_HKC,2035,8.127
07_INA,2035,304.758
08_JPN,2035,118.5
09_ROK,2035,52.806
10_MAS,2035,38.381
11_MEX,2035,153.061
12_NZ,2035,5.37
13_PNG,2035,11.362
14_PE,2035,38.299
15_RP,2035,132.667
16_RUS,2035,138.077
17_SIN,2035,6.48
18_CT,2035,24.1
19_THA,2035,69.2
20_USA,2035,365.034
21_VN,2035,108.989
27_WOR,2035,
01_AUS,2036,29.777
02_BD,2036,0.509
03_CDA,2036,42.123
04_CHL,2036,20.131
05_PRC,2036,1430.923
06_HKC,2036,8.146
07_INA,2036,306.378
08_JPN,2036,117.852
09_ROK,2036,52.767
10_MAS,2036,38.659
11_MEX,2036,154.058
12_NZ,2036,5.398
13_PNG,2036,11.536
14_PE,2036,38.575
15_RP,2036,134.067
16_RUS,2036,137.595
17_SIN,2036,6.501
18_CT,2036,24.065
19_THA,2036,69.063
20_USA,2036,366.942
21_VN,2036,109.466
27_WOR,2036,
01_AUS,2037,30.026
02_BD,2037,0.513
03_CDA,2037,42.351
04_CHL,2037,20.199
05_PRC,2037,1428.013
06_HKC,2037,8.162
07_INA,2037,307.924
08_JPN,2037,117.198
09_ROK,2037,52.706
10_MAS,2037,38.925
11_MEX,2037,155.018
12_NZ,2037,5.425
13_PNG,2037,11.709
14_PE,2037,38.844
15_RP,2037,135.445
16_RUS,2037,137.127
17_SIN,2037,6.52
18_CT,2037,24.02
19_THA,2037,68.908
20_USA,2037,368.797
21_VN,2037,109.928
27_WOR,2037,
01_AUS,2038,30.273
02_BD,2038,0.515
03_CDA,2038,42.574
04_CHL,2038,20.263
05_PRC,2038,1424.792
06_HKC,2038,8.176
07_INA,2038,309.399
08_JPN,2038,116.539
09_ROK,2038,52.626
10_MAS,2038,39.181
11_MEX,2038,155.944
12_NZ,2038,5.451
13_PNG,2038,11.881
14_PE,2038,39.106
15_RP,2038,136.801
16_RUS,2038,136.676
17_SIN,2038,6.536
18_CT,2038,23.965
19_THA,2038,68.737
20_USA,2038,370.602
21_VN,2038,110.375
27_WOR,2038,
01_AUS,2039,30.52
02_BD,2039,0.518
03_CDA,2039,42.792
04_CHL,2039,20.322
05_PRC,2039,1421.275
06_HKC,2039,8.188
07_INA,2039,310.802
08_JPN,2039,115.876
09_ROK,2039,52.527
10_MAS,2039,39.429
11_MEX,2039,156.835
12_NZ,2039,5.477
13_PNG,2039,12.053
14_PE,2039,39.359
15_RP,2039,138.135
16_RUS,2039,136.244
17_SIN,2039,6.551
18_CT,2039,23.902
19_THA,2039,68.546
20_USA,2039,372.358
21_VN,2039,110.808
27_WOR,2039,
01_AUS,2040,30.764
02_BD,2040,0.52
03_CDA,2040,43.005
04_CHL,2040,20.378
05_PRC,2040,1417.473
06_HKC,2040,8.199
07_INA,2040,312.134
08_JPN,2040,115.213
09_ROK,2040,52.41
10_MAS,2040,39.668
11_MEX,2040,157.69
12_NZ,2040,5.502
13_PNG,2040,12.224
14_PE,2040,39.607
15_RP,2040,139.448
16_RUS,2040,135.837
17_SIN,2040,6.563
18_CT,2040,23.831
19_THA,2040,68.339
20_USA,2040,374.069
21_VN,2040,111.229
27_WOR,2040,
01_AUS,2041,31.009
02_BD,2041,0.522
03_CDA,2041,43.213
04_CHL,2041,20.431
05_PRC,2041,1413.397
06_HKC,2041,8.209
07_INA,2041,313.396
08_JPN,2041,114.548
09_ROK,2041,52.276
10_MAS,2041,39.9
11_MEX,2041,158.51
12_NZ,2041,5.526
13_PNG,2041,12.394
14_PE,2041,39.845
15_RP,2041,140.737
16_RUS,2041,135.453
17_SIN,2041,6.573
18_CT,2041,23.75
19_THA,2041,68.113
20_USA,2041,375.735
21_VN,2041,111.638
27_WOR,2041,
01_AUS,2042,31.253
02_BD,2042,0.524
03_CDA,2042,43.417
04_CHL,2042,20.479
05_PRC,2042,1409.052
06_HKC,2042,8.216
07_INA,2042,314.588
08_JPN,2042,113.886
09_ROK,2042,52.125
10_MAS,2042,40.124
11_MEX,2042,159.295
12_NZ,2042,5.549
13_PNG,2042,12.564
14_PE,2042,40.076
15_RP,2042,142.004
16_RUS,2042,135.094
17_SIN,2042,6.581
18_CT,2042,23.662
19_THA,2042,67.872
20_USA,2042,377.36
21_VN,2042,112.037
27_WOR,2042,
01_AUS,2043,31.496
02_BD,2043,0.526
03_CDA,2043,43.619
04_CHL,2043,20.523
05_PRC,2043,1404.434
06_HKC,2043,8.223
07_INA,2043,315.709
08_JPN,2043,113.226
09_ROK,2043,51.959
10_MAS,2043,40.341
11_MEX,2043,160.045
12_NZ,2043,5.572
13_PNG,2043,12.732
14_PE,2043,40.299
15_RP,2043,143.248
16_RUS,2043,134.755
17_SIN,2043,6.587
18_CT,2043,23.567
19_THA,2043,67.613
20_USA,2043,378.95
21_VN,2043,112.421
27_WOR,2043,
01_AUS,2044,31.739
02_BD,2044,0.528
03_CDA,2044,43.816
04_CHL,2044,20.562
05_PRC,2044,1399.538
06_HKC,2044,8.228
07_INA,2044,316.757
08_JPN,2044,112.571
09_ROK,2044,51.779
10_MAS,2044,40.554
11_MEX,2044,160.758
12_NZ,2044,5.593
13_PNG,2044,12.899
14_PE,2044,40.514
15_RP,2044,144.468
16_RUS,2044,134.434
17_SIN,2044,6.59
18_CT,2044,23.466
19_THA,2044,67.337
20_USA,2044,380.515
21_VN,2044,112.791
27_WOR,2044,
01_AUS,2045,31.982
02_BD,2045,0.53
03_CDA,2045,44.011
04_CHL,2045,20.598
05_PRC,2045,1394.361
06_HKC,2045,8.233
07_INA,2045,317.732
08_JPN,2045,111.924
09_ROK,2045,51.586
10_MAS,2045,40.761
11_MEX,2045,161.436
12_NZ,2045,5.614
13_PNG,2045,13.064
14_PE,2045,40.72
15_RP,2045,145.665
16_RUS,2045,134.128
17_SIN,2045,6.592
18_CT,2045,23.36
19_THA,2045,67.046
20_USA,2045,382.059
21_VN,2045,113.145
27_WOR,2045,
01_AUS,2046,32.225
02_BD,2046,0.532
03_CDA,2046,44.204
04_CHL,2046,20.63
05_PRC,2046,1388.91
06_HKC,2046,8.238
07_INA,2046,318.635
08_JPN,2046,111.282
09_ROK,2046,51.381
10_MAS,2046,40.964
11_MEX,2046,162.078
12_NZ,2046,5.635
13_PNG,2046,13.228
14_PE,2046,40.917
15_RP,2046,146.837
16_RUS,2046,133.833
17_SIN,2046,6.592
18_CT,2046,23.249
19_THA,2046,66.739
20_USA,2046,383.588
21_VN,2046,113.481
27_WOR,2046,
01_AUS,2047,32.468
02_BD,2047,0.533
03_CDA,2047,44.395
04_CHL,2047,20.657
05_PRC,2047,1383.192
06_HKC,2047,8.243
07_INA,2047,319.465
08_JPN,2047,110.65
09_ROK,2047,51.165
10_MAS,2047,41.162
11_MEX,2047,162.682
12_NZ,2047,5.656
13_PNG,2047,13.391
14_PE,2047,41.106
15_RP,2047,147.986
16_RUS,2047,133.55
17_SIN,2047,6.591
18_CT,2047,23.134
19_THA,2047,66.417
20_USA,2047,385.103
21_VN,2047,113.8
27_WOR,2047,
01_AUS,2048,32.71
02_BD,2048,0.535
03_CDA,2048,44.583
04_CHL,2048,20.682
05_PRC,2048,1377.21
06_HKC,2048,8.247
07_INA,2048,320.226
08_JPN,2048,110.024
09_ROK,2048,50.938
10_MAS,2048,41.356
11_MEX,2048,163.251
12_NZ,2048,5.675
13_PNG,2048,13.553
14_PE,2048,41.286
15_RP,2048,149.111
16_RUS,2048,133.274
17_SIN,2048,6.587
18_CT,2048,23.016
19_THA,2048,66.081
20_USA,2048,386.607
21_VN,2048,114.099
27_WOR,2048,
01_AUS,2049,32.95
02_BD,2049,0.535
03_CDA,2049,44.768
04_CHL,2049,20.702
05_PRC,2049,1370.963
06_HKC,2049,8.25
07_INA,2049,320.92
08_JPN,2049,109.406
09_ROK,2049,50.702
10_MAS,2049,41.545
11_MEX,2049,163.783
12_NZ,2049,5.694
13_PNG,2049,13.713
14_PE,2049,41.458
15_RP,2049,150.213
16_RUS,2049,133.002
17_SIN,2049,6.581
18_CT,2049,22.895
19_THA,2049,65.733
20_USA,2049,388.103
21_VN,2049,114.376
27_WOR,2049,
